Famous people,Fictional characters,Films,Objects,Books,"Games, sports and pastimes",TV Programmes,Geography,Animals,Food and Drink,Fictional Places
A A Milne,Adrian Balboa,1984,Airing Cupboard,1984,Abseiling,100%,10 Downing Street,Aardvark,Aero,221B Baker Street
Abba,Adrian Mole,101 Dalmatians,Android,"20,000 Leagues Under The Sea",Age Of Empires,24,Aberdeen,Adder,Apple and Blackbury Pie,29 Acacia Road
Aesop,Agent Arthur,102 Dalmatians,Anthill,2001: A Space Odyessy,Age of Mythology,15 To 1,Abu Dhabi,Adonis Blue,Apple Crumble,4 Privet Drive
Agatha Christie,Agent Smith,2 Fast 2 Furious,Anti-Dandruff Shampoo,3 Men In a Boat,Air Hockey,2 Point 4 Children,Abuja,Afghan Hound,Apple Juice,42 Evergreen Terrace
Ainsley Harriet,Alan Grant,20000 Leagues Under The Sea,Argos Catalogue,A Christmas Carol,Alchemy,6 Feet Under,Accra,African buffalo,Apple Pie,62 West Wallaby Street
Al Capone,Alan Johnson,2001 A Space Odyssey,Baby Wipes,A Little Princess,American Football,8 Out Of 10 Cats,Addis Ababa,African Elephant,Apple Stredule,Agrabah
Al Paccino,Alan Partridge,3 Men and a Baby,Badminton Racket,A Room With A View,Angling,A Question Of Sport,Adriatic Sea ,Albatross,Appledore,Alderaan
Al Pacino,Alan Tracy,50 First Dates,Banana Split,A Series Of Unfortunate Events,Applebobbing,A Touch Of Frost,Afghanistan,Alligator,Backed Talaska,Al's Toy Barn
Alan Coren,Albert Stroeller,6 Days and 7 Nights,Basketball Hoop,A Study In Scarlet,Backgammon,Absolutely Fabulous,Africa,Allosaurus,Bacon,Ambridge
Alan Davies,Alec Trevelyan,8 Mile,Bathroom Scales,About A Boy,Badminton,Airport,Aintree Race Course,Alpaca,Baguette,Amity Island
Alan Hansen,Ali Baba,8-Legged Freaks,Bedpan,Adrian Mole,Balderdash,Alias,Alabama,Alpine Swift,Bakewell Tarts,Anchorhead
Alan Shearer,Ally McBeal,9 Til 5,Beefburger,Agent Z and the Penguin From Mars,Ballroom Dancing,All Creatures Great And Small,Alaska,Alsatian,Beef,Angel Island
Alan Whicker,America Ferrara,A Beautiful Mind,Belly Ring,Alice In Wonderland,Barbie,Ally McBeal,Albania,Ambush,Beefburger,Ankh-Morpork
Albert Einstein,Amun-Ra,A Bug's Life,Bench,Angels and Demons,Baseball,American Dad,Alcatraz,American Bison,Berkswell,Arkham Asylum
Aldous Huxley,Amy Farrah Fowler,A Clockwork Orange,Bermuda Shorts,Animal Farm,Basketball,American Idol,Algeria,Amoeba,Biscuit,Avon
Alex Ferguson,Andy Dufresne,A Few Good Men,Bicycle Pedal,Anne Of Green Gables,Battle Chess,America's Got Talent,Algiers,An Army,Black Cherry Pie,Avonlea
Alex Higgins,Anne Of Green Gables,A Knight's Tale,Bike Helmet,Around The World In Eighty Days,Beggar My Neighbour,Angel,Alps,Anaconda,Black Forest Gauteau,Azeroth
Alexander Fleming,Annie Apple,A League Of Their Own,Biro,Artemis Fowl,Bell Ringing,Animal Hospital,Alton Towers,Angel Fish,Blackcurrent Squash,Ballykissangel
Alexander Graham Bell,Apu Nahasapeemapetilon,A Little Princess,Blackboard Rubber,Atonement,Black and White,Antiques Roadshow,Amazon River,Angler Fish,Bluebury Muffin,Barchester
Alfred Hitchcock,Aragorn,A Matter Of Life and Death,Blanket,Ballet Shoes,Blackjack,Any Dream Will Do,Amman,Ant,Bonchester,Barton Park
Alfred the Great,Arietty Clock,A Room With A View,Blood Sample,Black Beauty,Boggle,Are You Being Served?,Amsterdam,Anteater,Bounty Bar,Baskerville Hall
Alfred Wainwright,Armand St Just,A Shot In The Dark,Blow Torch,Black Hearts In Battersea,Boxing,Ashes To Ashes,Amur River,Antelope,Bourneville,Bedrock
Alvin Stardust,Artful Dodger,A Tale Of Two Cities,Bobby Pin,Bleak House,Brio,AsIf,Andaman Sea ,Ape,Bread Muffin,Bespin
Andre Agassi,Ash Morgan,A View To A Kill,Bowling Ball,Blood Brothers,British Bulldogs,Ask The Family,Andes,Aphid,Bread Pudding,Bikini Bottom
Andrew Lloyd-Webber,Aslan,Abba The Movie,Buckle,Bridget Jones' Diary,Buckaroo,At Home With The Braithwaites,Andorra,Archer Fish,Breakaway,Bleak House
Andrew Morton,Asterix,About A Boy,Bunk Bed,Captain Correlli's Mandolin,Burnout,"Auf Wiedersehen, Pet",Andorra la Vella,Arctic Fox,Brie,Blood Island
Andrew Neil,Austin Powers,Ace Ventura Pet Detective,Bunsen Burner,Casino Royale,Canoeing,Bad Girls,Angel of the North,Arctic Tern,Brinkburn,Brambly Hedge
Andy Murray,Bagpuss,Addicted To Love,Burglar Alarm,Catch 22,Castle Attack,Ballykissangel,Angkor Wat,Armadillo,Brownies,Bree
Andy Peters,Baldrick,AI (Artificial Intelligence),Burnt Toast,Charlie & The Chocolate Factory,Catacomb Abyss,Bargain Hunt,Anglesey,Army,Bubble Gum,Brideshead
Andy Roddick,Bambi,Airplane,Cable Car,Charlie & The Great Glass Elevator,Cats Cradle,Baywatch,Angola,Army Ant,Burger,Brookside Close
Andy Warhol,Bananaman,Ali,Campfire,Charlotte's Web,Caving,Bergerac,Ankara,Ascension,Butter,Button Moon
Angela Lansbury,Barbie,Alice In Wonderland,Candlestick,Chicken Licken,Cheat,Bewitched,Antananarivo,Ass / donkey,Caboc,Cair Paravel
Angus Deaton,Barney Gumble,Alien,Candyfloss,Chocolat,Cheerleading,Big Break,Antarctica,Ass/Donkey,Caerphilly,Camberwick Green
Anna Ford,Barney the Dinosaur,Along Came Polly,Canoe,Clifford The Sheep,Chess,Big Brother,Antigua and Barbuda,Baboon,Caithness,Camelot
Anne Boleyn,Basil Brush,Amadeus,Car,Cold Comfort Farm,Chinese Chequers,Birds Of A Feather,Apia,Baboons,Candyfloss,Candleford
Anne Robinson,Basil Fawlty,Amelie,Car Horn,Cold Mountain,Chip's Challenge,Black Books,Arabian Desert,Baby,Caramel,Candyland
Anneka Rice,Batman,American Beauty,Carry-Cot,Cranford,Chuzzle,Blackadder,Arabian Sea ,Bacteria,Celebrations,Casterbridge
Annie Lennox,Becky Sharpe,American Psycho,Chequebook,Crime & Punishment,Cluedo,Bo 'Selecta,Arc de Triomphe,Bactrian Camel,Cheddar,Causton
Anthea Turner,Beethoven (dog),An American In Paris,Chimney Pot,Daniel Deronda,Coasteering,Bones,Arctic,Badger,Cheese,Central City
Anthony Eden,Bella Swan,An Ideal Husband,Chocolate Easter Bunny,Danny The Champion of the world,Columns,Born & Bred,Arctic Ocean ,Bale,Cheeseburger,Central Perk
Anthony Hopkins,Beowulf,An Officer And A Gentleman,Christmas Tree,David Copperfield,Crazy Taxi,Boston Legal,Area 51,Band,Cheesecake,Charles Xavier's School for the Gifted
Archbishop of Canterbury,Bert and Ernie,An Ordinary Family,Church Bell,Day of the Jackal,Cricket,Bottom,Argentina,Baramundi,Cheshire,Chesney Wold
Archbishop Tutu,Betty Suarez,Anaconda,Church Pew,Day of The Triffids,Cross Stitch,Brasseye,Arizona,Barbal,Chevington,Christmastown
Aristotle,Big Baby,Anastasia,Coat Hanger,Death On The Nile,Crossword,"Bremner, Bird & Fortune",Arkansas,Barn Owl,Chewey Bar,Cittagazze
Arnold Schwarzenegger,Big Bird,Animal Attraction,Combine Harvester,Deception Point,Diablo,Britain's Got Talent,Armagh,Barracuda,Chewing Gum,Cloud City
Arthur Daley,Big Ears,Animal Farm,Compact Disk,Digital Fortress,Diving,Brookside,Armenia,Barren,Chewits,Coast City
Arthur Lowe,Big Gay Al,Annie Get Your Gun,Computer,Dinner With Fox,DIY,Brothers & Sisters,Ascension Island,Basking Shark,Chicken Breast,Cold Comfort Farm
Arthur Scargill,Big Suze,Apollo 13,Cotton Buds,Don't Look Now,Doom,Buffy The Vampire Slayer,Ascot Race Course,Bass,Chicken Escellopes,Cold Mountain Penitentiary
Artist formerly known as Prince,Biggles,Arachnophobia,Cow Bell,Dr Zhivago,Draughts,Bullseye,Ashgabat,Bat,Chicken Thighs,Coronation Street
Attila The Hun,Bilbo Baggins,Armageddon,Cravatte,Dr. No,Dungeon Keeper,Butterflies,Asia,Bats ,Chilli Con Carnie,Coruscant
Ayrton Senna,Bill & Ben,Around the World In 80 Days,Cricket Ball,Emma,Dungeons and Dragons,Cagney & Lacey,Asmara,Beagle,Chips,Craggy Island
Barack Obama,Bill Sykes,As Good As It Gets,Crimping Shears,Esio Trot,Duplo,Cash In The Attic,Astana,Bear,Chocolate Biscuit Cake,Dagobah
Barbara Cartland,Billy Bunter,Austin Powers: Goldmember,Cuckoo Clock,Fantastic Mr Fox,Ecco,Casualty,Asuncion,Bearded Collie,Chocolate Gauteau,Delaford
Barbara Streisand,Billy Elliot,Austin Powers: International Man Of Mystery,Cygnet Ring,Far From The Madding Crowd,Enchanted Forest,Catchphrase,Athens,Beaver,Chocolate Orange,Diagon Alley
Barbara Windsor,Birdie,Austin Powers: The Spy Who Shagged Me,Daisy Chain,Five Children and It,Eye Toy,Challenge Anneka,Atlantic Ocean ,Bed,Chocolate Spread,Dibley
Barry Hearn,Bob The Builder,Babe,Deck of Cards,Frenchman's Creek,Fable,Changing Rooms,Auckland,Bed Bugs,Christmas Pudding,Dinky Island
Barry Norman,Bobbin Threadbare,Back To The Future,Deckchair,From Russia With Love,Fell Walking,Charlie's Angels,Australasia,Bee,Cinnamon Muffin,Donwell Abbey
Bay City Rollers,Bodger and Badger,Bad Boys,Dice,George's Marvelous Medicine,FIFA,Charmed,Australia,Bevy,Club,Downton Abbey
Beach Boys,Boo,Bambi,Dictaphone,Girl With A Pearl Earing,Fishing,Cheers,Austria,Bird,Coalslaw,Duckberg
Bee Gees,Boris,Barbarella,Digital Camera,Gone With The Wind,Flying,Chicago Hope,Avebury Stone Circle,Bird of Paradise,Cod,Duloc
Ben Elton,Boromir,Barefoot In The Park,Dinghy,Goodnight Mr. Tom,Football,CHIPs,Avon ,Bison,Coffee,Eddie's Bar
Benito Mussolini,Bosley,Basic Instinct,Drawstring Bag,Gordon the Ghost,Freecell,Clarissa Explains It All,Ayer's Rock,Black Bear,Cola,Edge City
Benjamin Disraeli,Boyce,Batman And Robin,Dreamcast,Gormenghast,Frisbee,Clocking Off,Azerbaijan,Black Grouse,Cola Bottles,Emerald City
Benny Hill,Brains,Bean,Dungeon,Great Expectations,Frogger,Cold Feet,Baffin Island,Black Guillemot,Cola Cubes,Emmerdale
Bernard Matthews,Bridget Jones,Beauty and the Beast,Dustbin Lorry,Gulliver's Travels,Frustration,Cops,Baghdad,Black Headed Gull,Coq au vin,Emmerdale Farm
Beryl Reid,Brie Van de Kamp,Beetlejuice,Duvet,Harry Potter & The Chamber Of Secrets,Game of Life,Coronation Street,Bahamas,Black Mamba,Coquetdale,Endor
Bette Davis,Brother Cadfael,Being John Malkovich,Ear,Harry Potter & The Deathly Hallows,Gardening,Countdown,Bahrain,Black Panther,Cornish Pasty,Fangorn
Bette Midler,Bruce (shark),Ben Hur,Earrings,Harry Potter & The Goblet Of Fire,GI Joe,Coupling,Bailey,Black Rat,Cornish Pepper,Far Far Away
Big Daddy,Bruce Nolan,Bend It Like Beckham,Electric Toothbrush,Harry Potter & The Half Blood Prince,Gliding,Cracker,Baku,Black Widow,Cotherstone,Fawlty Towers
Bill Bailey,Buffy The Vampire Slayer,Bernard and the Genie,Emerald Ring,Harry Potter & The Order of The Phoenix,Golf,Creature Comforts,Baltic Sea ,Blackbird,Cotswold,Florin
Bill Clinton,Bugsy Malone,Bewitched,Engagement Ring,Harry Potter & The Philosopher's Stone,Grand Theft Auto,Crimewatch U.K,Bamako,Bloat,Cottage Cheese,Flotsam Island
Bill Gates,Butters Scotch,Big,Escalator,Harry Potter & The Prisoner Of Azkaban,Granny's Garden,Crossroads,Bandar Seri Begawan,Bloodworm,Country Slices,Focker Island
Bill Oddie,Buzz Lightyear,Big Fish,False Teeth,Heidi,Guitar Hero,Crystal Maze,Bangkok,Blowfish,Coverdale,Godric's Hollow
Bing Crosby,Buzz McAllistair,Billy Elliot,Felt-Tip Pen,High Fidelity,Halo,CSI,Bangladesh,Blue Bottle,Crab Cakes,Gondor
Bjork,Captain America,Black Beauty,Fire,Hornblower,Hang Gliding,Cutting It,Bangor,Blue Tit,Cranbury Juice,Gosford Park
Bjorn Borg,Captain Barbosa,Blackadder: Back and Forth,Fire Blanket,Howard's End,Happy Familes,Da Ali G Show,Bangu,Blue Whale,Cream Egg,Gotham City
Blur,Captain Birdseye,Blade,Fire Extinguisher,If Only They Could Talk,Harry Potter Game,Dad's Army,Banjul,Boa Constrictor,Crisps,Grayskull
Bob Dylan,Captain Darling,Blade Runner,Fireplace,It,Hearts,Dallas,Barbados,Boar,Croglin,Greenbow
Bob Geldof,Captain Hook,Blair Witch Project,Fish and Chips,Ivanhoe,Hockey,Dalziel & Pascoe,Basseterre,Border Collie,Crowdie,Greendale
Bob Holness,Captain Jack Sparrow,Blast From The Past,Fish Slice,Jamaica Inn,Homeworld,Damages,Bath ,Bouquet,Crumpet,Grimley
Bob Hope,Captain Kirk,Blazing Saddles,Floorboards,James and the giant peach,Hospital Tycoon,Dancing On Ice,Bay of Bengal ,Brace,Crunch,Guilder
Bob Hoskins,Captain Mainwearing,Blue Streak,Flyswat,Jane Eyre,Hover,Dawson's Creek,Beachy Head,Brambling,Crunchie,Halloweentown
Bob Monkhouse,Captain Von Trapp,Born Free,Fountain,Jeremiah Obadiah Jackonary Jones,Hunting,Days Of Our Lives,Bedfordshire ,Bream,Cumberland Sausage,Hamley Hall
Bob Mortimer,Carrie Bradshaw,Bram Stoker's Dracula,Fountain Pen,Jim and the Beanstalk,Ice Dancing,Dead Ringers,Beijing,Brimstone,Dairy Milk,Hartfield
Bonnie Langford,Catwoman,Braveheart,Four-Poster Bed,Jude The Obscure,Ice Hockey,Deal Or No Deal,Beirut,Brontasaurus,Dark Chocolate,Heaviside Layer
Bono,Chandler Bing,Breakfast At Tiffany's,Freezer,Jurassic Park,Insaniquarium,Derren Brown: Trick Or Treat,Belarus,Brood,Derby,Highbury
Boris Becker,Chardonnay,Brides Of Dracula,Fridge,Katherine,Jacks,Desperate Housewives,Belfast,Brown Bear,Dime Bar,Hill Valley
Boris Karloff,Charles Xavier,Bridge Over The River Kwai,Futon,Kidnapped,Jezzball,Diagnosis Murder,Belgium,Brown Rat,Dorstone,Hilldale
Boris Yeltsin,Cherubino,Bridget Jones's Diary,Garden Trowel,King Solomon's Mines,Jigsaw Puzzles,Dinnerladies,Belgrade,Brown Trout,Double Decker,Hinkley Hills
Boy George,Chicken Licken,Bringing Up Baby,Gas,Lassie Come Home,Judo,Dirt,Belize,Buck,Double Gloucester,Hobbiton
Boyzone,Christopher Robin,Bruce Almighty,Gearbox,Last of The Mohicans,Juggling,Dirty Sexy Money,Belmopan,Budgerigar,Dovedale,Hogsmeade
Brad Pitt,Cinderella,Buffalo Soldiers,Gladrags,Les Miserables,Karate,Dixon Of Dock Green,Ben Nevis,Buffalo,Dunlop Cheese,Hogwarts
Brandon Lee,Clarice Starling,Calamity Jane,Goggles,Little Dorrit,Kayaking,DIY SOS,Benin,Building,Eat Natural Bar,Holby
Brian Cox,Clarissa Darling,Camelot,Gold Tooth,Little House On The Prairie,Kendo,Doctor Who,Bering Sea ,Bulldog,Echo Bar,Hollyoaks
Brigitte Bardot,Clark Kent,Candyman,Goldfish Bowl,Little Lord Fauntleroy,Kerplunk,Doctors,Berkshire ,Bullfrog,Farmhouse Llanboidy,Hoth
Brothers Grimm,Claudius,Capricorn One,Gravestone,Little Women,Kickboxing,Dog Borstal,Berlin,Bumble Bee,Fat,Hundred Acre Wood
Bruce Forsyth,Clifford The Sheep,Captain Corelli's Mandolin,Gravity Wheel,Live & Let Die,King's Quest,Dog Eat Dog,Berlin Wall,Bush baby,Feddo,Hunsford
Bruce Lee,Colin Creevey,Carousel,Hair Dryer,Lolita,K'Nex,Dog The Bounty Hunter,Bern,Business,Ferrero Roche,Isengard
Bruce Willis,Colonel Hastings,Carrie,Hair Straighteners,Lorna Doone,Knitting,Dragnet,Beverley Hills,Butterfly,Fine Fettle Yorkshire,Isla Nublar
Bryan Ferry,Colonel Mustard,Carry On Camping,Hairbrush,Mansfield Park,KrissKross,Dragons Den,Bhutan,Buzzard,Fish,Isle de Muerte
Bryan Robson,Count Olaf,Casablanca,Handbag,Martin Chuzzlewit,Kung Fu,Drop The Dead Donkey,Big Ben,Byson,Fish Cakes,Isle of Sodor
Buddha,Crispin,Cat On A Hot Tin Roof,Hanging Basket,Master & Commander,Kye,Dynasty,Birmingham ,Calf,Fishfingers,Jambalaya Island
Buddy Holly,Cruella deVille,Catch Me If You Can,Harp,Matilda,Lego,Eastenders,Biscay,Camel,Flake,Jordan College
Buster Keaton,Dances-With-Wolves,Cats and Dogs,HB Pencil,Memoirs of A geisha,Lemmings,Echo Beach,Bishkek,Canada Goose,Forest Fruit Strudle,Jurassic Park
Calvin Klein,Dangermouse,Catwoman,Headache Tablet,Middlemarch,Lemony Snicket,Eggheads,Bissau,Canary,French Fancies,Kamino
Cameron Diaz,Danny Blue,Changing Lanes,Hedge Maze,Moby Dick,Logic Problems,Emmerdale,Black Sea ,Cane Toad,French Fries,Kashyyyk
Captain Bligh,Danny Ocean,Charlie and the Chocolate Factory,Heinz Baked Beans,Moonfleet,Loom,ER,Blencathra,Carp,Fries,Kellynch Hall
Carl Lewis,Danny Zuko,Charlie's Angels,Highlighting Pen,Mr Majeika,Lord of the Rings Game,Eurovision Song Contest,Blenheim Palace,Carrion Crow,Frisps,Khazad-dum
Carol Vorderman,Darnell  [Crabman],Chicago,Hoe,Mrs Doubtfire,Ludo,Everybody Hates Chris,Blue Mountains,Cassowary,Fruit,Knockglen
Catherine Cookson,D'Artagnion,Chicken Run,Holepunch,Murder On The Orient Express,Mah Jong,Everybody Loves Raymond,Bodmin Moor,Cast,Fruit and Nut Bar,Knockturn Alley
Cecil Parkinson,Darth Vader,Chitty Chitty Bang Bang,Horse's Bridle,My Family & Other Animals,Marbles,Extras,Bogota,Cat,Fruit Cake,Knuttin Atoll
Celine Dion,David Horton,Chocolat,Horseshoe,Nicholas Nickleby,Meccano,Faking It,Bolivia,Catch,Fruit Gums,Krustyburger
Charles Bronson,Del Boy,Cinderella,Hot Air Balloon,North & South,Micro Machines,Fame Acadamy,Bondi Beach,Caterpillar,Fruit Pastals,Krypton
Charles Darwin,Demelza Poldark,Circle Of Friends,Hot Water Bottle,Northanger Abbey,Mille Bornes,Family Guy,Borneo,Catfish,Fruit Salads,Kwik-E-Mart
Charles Dickens,Dennis The Menace,City Of Angels,Hula Hoop,Northern Lights,Mini Golf,Father Ted,Bosnia and Herzegovina,Cattle,Fruitella,Land of Chocolate
Charles Manson,Dick Dastardly,Clueless,Humpback Bridge,Of Mice and Men,Monkey Island,Fawlty Towers,Boston,Cayman,Fruits of the forest,Landfill Park
Charlie Chaplin,Dobby,Clute,Ice Skate,Oliver Twist,Monkeyball,Flashforward,Botswana,Centipede,Fudge,Lark Rise
Cher,Donald Duck,Cocktail,Ice-Cream Scoop,One Flew Over the Cuckoo's Nest,Monopoly,Footballer's Wives,Bradford ,Cete,Fuse,Lazytown
Cherie Booth,Donkey,Cold Mountain,Instant Coffee,Our Mutual Friend,Monopoly Tycoon,Fort Boyard,Brasilia,Chaffinch,Galaxy,Leaky Cauldron
Chris Eubank,Dory,Conair,Inverted Rollercoaster,Paddington,Mortal Kombat,Frasier,Bratislava,Chalkhill Blue,Gamon,Liberty City
Chris Evans,Doug,Copycat,iPod,Patriot Games,Motor Racing,French & Saunders,Brazil,Chamois,Gobstopper,Lilliput
Chris Moyles,Dougal,Coyote Ugly,Jack-in-the-Box,Persuasion,Mountain Biking,Friday Night With Jonathon Ross,Brazzaville,Charm,Golden Cross,Little Wallop
Chris Packham,Dr Black,Crash,Jaffa Cakes,Peter Pan,Mountaineering,Friends,Brecon Beacons,Chattering,Goldilocks,Lone Islands
Christian Bale,Dr Collossus,Crimson Tide,Jeep,Pinnochio,Mouse Trap,Futurama,Bridgetown,Cheetah,Grease,Longbourn
Christina Ricci,Dr Doolittle,Crocodile Dundee,Kettle,Poldark,My First Amazing World Explorer,Gardener's World,Brighton & Hove ,Chicken,Gruth Dhu,Loom Island
Christopher Columbus,Dr Emmit Brown,Crossroads,Keyhole,Pollyanna,My Little Pony,Gavin & Stacey,Bristol ,Chicks,Ham,Loompaland
Christopher Lee,Dr Evil,Crouching Tiger Hidden Dragon,Kitchen Roll,Prey,Myst,Gimme Gimme Gimme,Broadway,Chimpanzee,Hamburger,Lothlorien
Christopher Llyod,Dr Jean Gray,Cruel Intentions,Kite,Pride & Prejudice,Netball,Gladiators,Brooklyn Bridge,Chinchilla,Haribo,Lucre Island
Christopher Reeve,Dr Robotnik,Dances With Wolves,Knee-High Socks,Prince Caspian,Old Maid,Golden Girls,Brunei - Darussalam,Chipmunk,Harlech,Manderley
Christopher Wren,Dr Watson,Dangerous Liasons,Knitting Needles,Rebecca,Operation,Goodnight Sweetheart,Brussels,Chiwawa,Harvest Bar,Mansfield Park
Chuck Berry,Draco Malfoy,Danny The Champion Of The World,Lego,Rebecca of Sunnybrook Farm,Ouji Board,Grafters,Bucharest,Chub,Hereford Hop,Maple Grove
Cilla Black,Dracula,Dante's Peak,Lemonade,Rita Hayworth & Shawshank Redemption,Parachuting,Grand Designs,Buckingham Palace,Clam,Heroes,McLarens Bar
Cindy Crawford,Dudley Dursley,Days Of Thunder,Light Switch,Robinson Crusoe,Paragliding,Green Wing,Buckinghamshire ,Clamour,Hog Roast,Mega City
Clare Short,Earl Hickey,Death Becomes Her,Lined Paper,Roger Red Hat,Pass The Bomb,Grey's Anatomy,Budapest,Clash,Hola Hoops,Melee Island
Clark Gable,Edmund Blackadder,Death On The Nile,Lip Balm,Sense & Sensibility,Peggle,Groundforce,Buenos Aires,Cloud Or Horde,Hot Chocolate,Merryton
Clement Atlee,Edward Cullen,Deep Impact,Long Johns,Sharpe's Eagle,Pick-Up-Sticks,Grumpy Old Men,Bujumbura,Clowder,Hot Cross Bun,Metro City
Cliff Richard,Eeyore,Die Another Day,Long-Sleeved Shirt,Sharpe's Enemy,Pig Pong,Hamish Macbeth,Bulgaria,Clown Fish,Huntsman,Middle Earth
Clint Eastwood,Eleanor Rigby,Die Hard,Lunar Module,Sharpe's Gold,Pigeon Racing,Happy Days,Burkina Faso,Clutch,Huntsman cheese,Middlemarch
Clive Anderson,Elektra King,Dirty Dancing,Lute,Sharpe's Mission,Pip's Picture Maker,Have I Got News For You,Burma (Myanmar),Clutter,Ice Cream,Midsomer
Clive James,Eliza Doolittle,Dirty Harry,Machete,Sharpe's Revenge,Playmobil,Hawaii Five-0,Burundi,Coal Tit,Ilchester,Milton
Colin Montgomerie,Elrond,Dog Soldiers,Magazines,Sharpe's Rifles,Pogs,Heartbeat,Caingorms,Cobra,Innkeepers Choice,Minas Tirith
Colonel Sanders,Emma Woodhouse,Don't Look Now,Magnetic Year Planner,Sharpe's Sword,Poker,Heidi Hi,Cairo,Cockatiel,Isle of Mull,Mirkwood
Courtney Cox,Emperor Kuzco,Down With Love,Malt Whisky,Silas Marner,Polly Pocket,Hells Kitchen,California,Cockatoo,Jaffa Cake Bar,Miss Cackle's Academy for Witches
Courtney Love,Eponine,Dr Jekyll and Mr Hyde,Matel Piece,Stardust,Polo,Heroes,Cambodia,Cocker Spaniel,Jaffa Cakes,Misselthwaite Manor
Cristiano Ronaldo,Eric Cartman,Dr No,Measuring Jug,Stig Of The Dump,Pool,Hetty Wainthrop Investigates,Cambridge ,Cockle,Jelly,Moe's Tavern
Cynthia Payne,Erin Brockovich,Dude Where's My Car,Miner's Lamp,Swallows & Amazons,Populous,Holby City,Cambridgeshire ,Cockroach,Jelly Babies,Monkey Island
D H Lawrence,Ermintrude,Dumb and Dumber,Ming Vase,Swiss Family Robinson,Rayman,Hollyoaks,Cameroon,Cockroaches,Jelly Beans,Monstropolis
Dalai Lama,Esio Trot,Edward Scissorhands,Mini Cooper,Tess Of The D'urbervilles,Resident Evil,Home & Away,Canada,Cod,Katy's White Lavender,Mordor
Dale Winton,Fagin,Elizabeth,Mobile Phone,The 3 Muskateers,Risk,Hotel Babylon,Canberra,Collared Dove,Ketchup,Morningside Orphanage
Daley Thompson,Faramir,Emma,Moisturiser,The 39 Steps,Rock and Roll Racing,House,Canterbury ,Colonies,Key Lime Pie,Mos Eisley
Dame Edna Everage,Fat Controller,Enemy At The Gate,Mossy Boulder,The 9 Tailors,Rock Climbing,House Of Cards,Canterbury Cathedral,Colony,Kidderton Ash,Mount Doom
Damien Hirst,Father Ted,Enter The Dragon,Mountain Stream,The Adventures of Tom Sawyer,Roller Coaster Tycoon,How Clean Is Your House?,Cape Canaveral,Colt,Kinda Egg,Mrs. Miggins Pie Shop
Damon Hill,Fauntine,Entrapment,Mouse Mat,The Amber Spyglass,Roulette,How Do You Solve A Problem Like Maria?,Cape Verde,Comma,KitKat,Murderhorn
Daniel Craig,Ferguson Darling,Erin Brockovich,Mouth Organ,The Animals Of Farthing Wood,Rounders,How To Look Good Naked,Caracas,Common Blue,Lamb,Mushroom Kingdom
Daniel Defoe,Figaro,ET,Mug,The Beach,Rowing,Hustle,Cardiff,Common Carp,Lamb chops,Mustafar
Daniel Radcliffe,Fireman Sam,Evita,Needle,The BFG,Rugby,I'd Do Anything,Caribbean Sea ,Common Fritillary,Lamb Hot Pot,Naboo
Danii Minogue,Flik,Excalibur,Neon Lights,The Body,Sailing,I'm A Celebrity Get Me Out Of Here!,Carlisle ,Common Gull,Lancashire,Nakatomi Plaza
Danny De Vito,Ford Prefect,Eyes Wide Shut,Oboe,The Borrowers,Save The Animals,Inspector Morse,Caspian Sea,Common Sandpiper,Lemon Merang Pie,Nakatomi Tower
Dara O'Brien,Francis Poldark,Face Off,Olive Oil,The Call Of The Wild,Scaletrix,Ironside,Castries,Common Tern,Lemon Sherbets,Nampara
David Baddiel,Frankenstein's Monster,Fantasia,Oxygen Mask,The Castle of Adventure,Scrabble,Jeeves & Wooster,Caucasus,Company,Lemon Slices,Narnia
David Beckham,Frasier,Far and Away,Parasol,The Cat In The Hat,Scuba Diving,Jim'll Fix It,Celebes,Conch,Lemonade,Netherfield
David Blunkett,Frederick Little,Far From The Madding Crowd,Passion Fruit,The Catcher In the Ryw,Sim City,Joey,Central African Republic,Conger Eel,Lincolnshire Hot Pot,Neverland
David Bowie,Friar Tuck,Fatal Attraction,Peanut Butter,The Children of Green Knowe,Simpson's Hit and Run,Jonathon Creek,Central Park,Congregation,Lincolnshire Poacher,Norland Park
David Cameron,Frodo Baggins,Field Of Dreams,Pepper Mill,The Children Of The New Forest,Sindy,Judge John Deed,Chad,Coral,Lincolnshire Sausage,Northanger Abbey
David Caradine,Gabriel Oak,Fight Club,Petrol,The Cider House Rules,Singstar,Kath & Kim,Charles de Gaulle Airport,Corgi,Lion Bar,Oz
David Frost,Gandalf,Finding Nemo,Phone Charger,The Client,Skateboarding,Kavanagh QC,Cheddar Gorge,Cormorant,Liquorice Allsorts,Pandora
David Ginola,Gavin Shipman,First Knight,Photo Paper,The Colour Of Magic,SkiFree,Keeping Up Appearances,Cheltenham Race Course,Cougar,Lobster,Panem
David Gower,Gavroche,Flatliners,Picnic Basket,The Count Of Monte Cristo,Skiing,King Of The Hill,Chernobyl,Covey,Lord of the Hundreds,Pemberley
David Hasselhoff,Gaylord Focker,Flubber,Pineapple,The Curious Incident If The Dog In The Nighttime,Skipping,Kiss Me Kate,Cheshire ,Cow,Lowerdale Goats Cheese,Penny Lane
David Jason,Genie,For Your Eyes Only,Pistol,The Da Vinci Code,Snail race,Knightrider,Chesil Beach,Cowardice,Magnum,Phatt Island
David Mellor,George (Marvelous Medicine),Forrest Gump,Plasticine,The Day of The Jackal,Snake,Kojak,Chessington World of Adventures,Coyote,Malteasers,Phoenix Club
David Seaman,Georgie Porgie,Four Weddings and a Funeral,Plug,The Dead Zone,Snakes and Ladders,Krypton Factor,Chester ,Crab,Marathon,Pigeon Street
Dawn French,Gepetto,Free Willy,Plug Socket,The Demon Headmaster,Snap,Kung Fu,Chicago,Crane,Margerine,Pizza Planet
Delia Smith,Geraldine Granger,French Kiss,Pom-Bears,The Enormous Crocodile,Snooker,Last Of The Summer Wine,Chichester ,Crane Fly,Marmite,Planet P
Dennis Bergkamp,Ginger,From Here To Eternity,Pop-Up Book,The Firm,Snorkelling,Law & Order,Chile,Crash,Mars Bar,Platform 9 and 3/4
Dennis Norden,God,From Russia With Love,Pork,The Forsyte Saga,Snowboarding,League Of Gentlemen,China,Crayfish,Milk Chocolate,Pleasantville
Dennis Waterman,Goldilocks,Gangs Of New York,Postage Stamp,The Girl With the Dragon Tattoo,Softball,Life On Mars,Chisinau,Crested Tit,Milk Tray,Plunder Island
Des O'Connor,Goofy,George Of The Jungle,Pressure Cooker,"The Girrafe, The Peli and Me",Solitaire,Little Britain,City of London ,Cricket,Milky Way,Point Place
Desert Orchid,Gordon the Gopher,Ghost,Printer Cartridge,The Godfather,Sonic the Hedgehog,London's Burning,Cleopatra's Needle,Crocodile,Mini Chedders,Pride Rock
Desmond Lynam,Granny Smith,Ghostbusters,Protractor,The Green Mile,Sorry!,Lost,Cleveland ,Crow,Mini Eggs,Qo'noS
Devon Malcolm,Great Uncle Bulgaria,Gigi,Quiz Machine,The History Of Tom Jones,SplinterCell,Malcolm In The Middle,CN Tower,Crucian Carp,Monster Munch,Quahog
Diana Princess of Wales,Gretl Von Trapp,Gladiator,Rag Doll,The Hitchhikers Guide To The Galaxy,Squash,Married With Children,Cococabana,Cry,Muffin,Raccoon City
Diana Rigg,Gromit,Godzilla,Rechargeable Battery,The Hobbit,Star Wars Lego,Mash,Colombia,Cub,Neopolitan Ice Cream,Radiator Springs
Diana Ross,Grumpy,Gone In 60 Seconds,Reebok Trainers,The Horse Whisperer,Stargazing,Mastermind,Colombo,Cuckoo,Nugat,Ramsey Street
Dick Francis,Gulliver,Gone With The Wind,Restaurant Menu,The Hound Of The Baskervilles,Stop the Train,Match Of The Day,Colorado,Culture,Nutella,Remus
Dickie Davis,Gunther,Good Morning Vietnam,Rock,The House on the Strand,Strawberry Magic,Men Behaving Badly,Colossus of Rhodes,Cur,Orange Juice,Rivendell
Diego Mardonna,Guy Secretan,Good Will Hunting,Rocking Horse,The Hunchback of Notre Dame,Sudoku,Miami Vice,Colussus of Rhodes,Curlew,Orange Squash,Rock Ridge
Dolly Parton,Guybrush Threepwood,Goodbye Mr Chips,Roller Blades,The Indian In The Cupboard,Super Hang-On,Midsommer Murders,Comoros,Cuttlefish,Orangeade,Rohan
Don King,Hamish Macbeth,Goodnight Mr Tom,Romper-Suit,The Invisible Man,Surfing,Mission Impossible,Conakry,Cygnet,Pancakes,Romulus
Don Quixote,Han Solo,Gorillas In The Mist,Rope Ladder,The Iron Man,Swimming,Monach Of The Glen,Congo River,Dace,Pantysgawn,Rosings Park
Donald Sinden,Hannibal Lector,Gosford Park,Roulette Wheel,The Island of Dr. Moreau,Sylvanian Families,Monk,"Congo, Democratic Republic of the ",Daddy Longlegs,Penut Butter,Rydell High School
Donna Summer,Harold Bishop,Gossip,Rubber Gloves,The Jolly Postman,Table Tennis,Morecambe & Wise,"Congo, Republic of",Dalmatian,Percy Pigs,Sacred Heart Hospital
Doris Day,Harold Zidler,Grease,Rugby Shirt,The Jungle Book,Taboo,Most Haunted,Coniston Old Man,Damsel Fly,Philladephia,Salem House
Dr Christiaan Barnard,Hawkeye,Great Expectations,Sack,The King & I,Technic,Mr Bean,Coniston Water,Daschund,Pickle,San Andreas
Drew Barrymore,Hazeem,Green Card,Sandwich Bag,The King's General,Tennis,Murder Most Horrid,Connecticut,Dazzle,Pork,Sandford
Duke of Wellington,Hedwig,Groundhog Day,Sawdust,The Lepor of St Giles,Tetris,"Murder, She Wrote",Copenhagen,Death Watch Beetle,Pork Pie,Satis House
Dustin Hoffman,Hee-man,Gulliver's Travels,School Satchel,The Life of Pi,The Birdtable Game,My Family,Cornwall ,Death's Head Hawk Moth,Porkchops,Scabb Island
Dusty Springfield,Heidi,Hamlet,Scissors,The Lion The Witch and the Wardrobe,The Bird-Table Game,My Hero,Costa Rica,Deer,Quality Street,Scumm Bar
Dylan Thomas,Helen Tasker,Hannibal,Screwdriver,The Little Mermaid,The Sims,My Name Is Earl,Cote d'Ivoire,Den,Quavers,Sesame Street
Eddie Murphy,Henny Penny,Harry Potter and the Chamber Of Secrets,Season Ticket,The Lord Of The Rings,Theme Hospital,Neighbours,Coventry ,Descent,Red Devil,Shangri-La
Edmund Hilary,Hercule Poirot,Harry Potter and the Philosopher's Stone,Self-Portrait,The Lost World,Theme Park,Never Mind The Buzzcocks,Croatia,Dingo,Red Dragon,Shawshank State Penitentiary
Edward VII,Hercules,Harry Potter and the Prisoner of Azkaban,Serving Spoon,The Magic Finger,Theme Park World,New Tricks,Cromarty,Diplodicus,Red Leicester,Shelbyville
Edwina Currie,Herr Detweiler (Uncle Max),High Fidelity,Set Top Box,The Man in the Iron Mask,Three card Brag,Newlyweds,Cuba,Dodo,Red Windsor,Skull Island
Electric Six,Hetty Wainthrop,High Plain Drifter,Sewing Basket,The Mayor of Casterbridge,Tic Tac Toe,Newsnight,Cumberland ,Dog,Rhubarb Crumble,Smallville
Elijah Wood,Hopper,Hollow Man,Shepherd's Pie,The Mill On The Floss,Tiddlywinks,Nip/Tuck,Cumbria ,Dog Whelk,Roast Chicken,South Park
Elizabeth Hurley,Horatio Hornblower,Home Alone,Shortbread,The Moonstone,Timesplitters,Noel Edmunds House Party,Cyprus,Dogfish,Roast Turkey,Springfield
Elizabeth I,Howard Wolowitz,Homeward Bound,Shot Glass,The Mountain of Adventure,Top Trumps,One Foot In The Grave,Czech Republic,Dolphin,Roses,Star City
Ella Fitzgerald,Hugo Hurley,Honey I Shrunk The Kids,Shower,The Name of the Rose,Trainspotting,Only Fools & Horses,Dakar,Donkey,Sage Derby,Stepford
Elton John,Humpty Dumpty,Hook,Shutters,The No. 1 Ladies Detective Agency,Transport Tycoon,Operation Good Guys,Dallas,Donkey/Ass,Salad Cream,Summer Bay
Elvis Costello,Hyacinth Bucket,Howard's End,Sleeping Bag,The Old Curiousity Shop,Trivial Pursuit,Oprah,Damascus,Door Mouse,Salmon,Sun Hill
Elvis Presley,Ian Malcom,Hulk,Soap Dispenser,The Other Boleyn Girl,Twister,Over the Rainbow,Dar es Salaam,Dove ,Sausage,Sunnydale
Embrace,Indiana Jones,I Robot,Space Shuttle,The Owl Who Was Afraid Of The Dark,Volleyball,Panorama,Dartford Tunnel,Down,Sausage Roll,Sunnyside Daycare
Emily Bronte,Inspector Clouseau,Ice Station Zebra,Spare Button,The Pelican Brief,Water Polo,Parkinson,Dartmoor,Dragon ,Scotch Pancakes,Tatooine
Emily Pankhurst,Inspector Morse,IceAge,Special K,The Phantom Of The Opera,Whist,Peep Show,Dead Sea,Dragonfly,Sherbet Dibdabs,Temple of Doom
Enid Blyton,Jabba The Hutt,In And Out,Spectacles,The Phoenix and the Carpet,White Water Rafting,Pet Rescue,Delaware,Dray,Sherry Triffle,The Arrow
Eric Cantona,Jack Dawson,In The Heat Of The Night,Sprinkler,The Pickwick Papers,Who's In The Bag,Pie in the Sky,Denmark,Drift,Shortbread,The Department of Mysteries
Eric Clapton,Jack Ryan,Indecent Proposal,Squash Ball,The Prince and the Pauper,Wordsearch,Points Of View,Derby ,Dromedary,Single Gloucester,The Flame
Eric Morecombe,Jack Shepard,Independence Day,Stained Glass Window,The Prisoner of Zenda,Worms,Poldark,Derbyshire ,Drove,Smoked Kipper,The Grid
Esther Rantzen,Jacob Black,Indiana Jones and the Last Crusade,Steak-Knife,The Queen and I,Wrestling,Pop Idol,Derwent Water,Duck,Spearmint Gum,The Grimpen Mire
Eternal,Jafar,Inspector Gadget,Steering Wheel,The Railway Children,Yoga,Porridge,Devil's Causeway,Duckling,Sponge Pudding,The Hub
Eva Braun,Jake Scully,Intolerable Cruelty,Stereo,The Rainmaker,Yoyo,Prime Suspect,Devon ,Dugong,Spotted Dick,The Hydra
Evander Holyfield,James Bond,Iris,Sticky Plaster,The Ruby In The Smoke,Zoo Tycoon,Prison Break,Dhaka,Dule,Starbursts,The Lamp Post
Evelyn Waugh,James Onedin,It Shouldn't Happen To A Vet,String,The Runaway Jury,Zuma,Property Ladder,Dili,Dung Beetle,Stawbs,The Land of Chocolate
Ewan McGreggor,Jane Fairfax,Jack and Sarah,Sunglasses,The Scarlet Pimpernel,,QI,Djibouti,Dunnock,Steak and Kidney Pie,The Lonely Mountain
F Scott Fitzgerald,Jane Tenyson,Jackass: The Movie,Suspension Bridge,The Secret Garden,,Queer As Folk,Dogger,Dust Mite,Stinking Bishop,The Looking Glass
Fabio Capello,Janice,Jane Eyre,Swimming Trunks,The Shadow In The North,,Quincy,Doha,Eagle,Strawberry Laces,The Orchid
Fatboy Slim,Jasper,Jason and the Argonauts,Swiss Army Knife,The Sheep pig,,Ramsey's Kitchen Nightmares,Dominica,Eagle Owl,Sussex Slipcote,The Pearl
Fidel Castro,Jay,Jaws,Swiss Roll,The Shining,,Ready Steady Cook,Dominican Republic,Eaglet,Swaledale,The Prancing Pony
Field-Marshal Montgomery,Jeeves,Jean de Florette,Tea Tray,The Sign Of Four,,Reaper,Dorset ,Earthworm,Syrup,The Queen Vic
Five,Jemima Puddleduck,Jerry Maguire,Teddy Bear,The Silver Chair,,Red Dwarf,Dover,Earwig,Tea,The Restaurant at the End of the Universe
Florence Nightingale,Jerry Seinfeld,Journey To The Centre Of The Earth,Telephone Box,The Silver Skates,,Richard & Judy,Dublin,Echidna,Teacake,The Shire
Four Tops,Jess The Cat,Jumanji,Tent Peg,The Speckled Band,,Ricki Lake,Dundee,Eel,Teviotdale,The Staff
Francis Drake,Jimbo Jones,Jumping Jack Flash,Tesco Bag,The Strange Case of Dr. Jekyll & Mr. Hyde,,Rising Damp,Dungeness Power Station,Egyptian Goose,Tiffin,The Swan
Francis of Assisi,Jiminy Cricket,Jurassic Park,Textbook,The Subtle Knife,,Road Wars,Durham ,Eland,Tintern,The Tempest
Frank Bruno,Jinx,Just Married,Thatched Cottage,The Tale of Peter Rabbit,,Robin Hood,Durham Cathedral,Electric Eel,Treacle Tarts,The Winchester
Frank Lampard,Joanna Stapleton,Keystone Cops,Thermos Flask,The Tale of Squirrel Nutkin,,Robot Wars,Dushanbe,Elephant,Triffle,The Woolpack
Frank Skinner,Joanna the Goanna,Kill Bill,Thong,The Tale Of Two Cities,,Rome,East Anglia,Elephant seal,Tuna,Thornfield Hall
Frank Zappa,Joe Fox,Kind Hearts and Coronets,Toilet,The Tenant of Wildfell Hall,,Rumpole Of The Bailey,East China Sea ,Elk,Turkey Escellopes,Toad Hall
Frankie Boyle,Joey Tribbiani,Kindergarten Cop,Toilet Roll Holder,The Testament,,Sabrina The Teenage Witch,East Suffolk ,Emperor Penguin,Upsidedown Pudding,Toon Town
Frankie Dettori,John Book,King Arthur,Torch,The Thornbirds,,Scrapheap Challenge,East Sussex ,Emu,Veg,Toy Town
Frankie Goes To Hollywood,John Connor,King Kong,Towel,The Time Machine,,Scrubs,East Timor,Emus ,Veg Juice,Tracy Island
Frankie Howard,John Hammond,King Solomon's Mines,Trapeze,The Treasure Seekers,,Secret Diary Of A Callgirl,Easter Island,Eyas,Vegemite,Treasure Island
Franz Ferdinand,John Locke,Krakatoa East Of Java,Treadmill,The Trumpet Major,,Seinfeld,Ecuador,Falcon,Village Green Goat,Trenwith
Franz Kafka,John McClane,LA Confidential,Tupperware,The Turn Of The Screw,,Sex & The City,Edinburgh,Falcons ,Waffles,Tri-Island Area
Fred Astaire,John Steed,Lady and the Tramp,TV Dinner,The Twits,,Sex and the City,Egypt,Family,Walkers,Trumpton
Freddie Mercury,Jolly Green Giant,Lake Placid,TV Remote,The Very Hungry Catterpillar,,Shameless,Eiffel Tower,Fawn,Water,Vice City
Frederick Forsyth,Jonathon Creek,Last Of The Mohicans,Ultraviolet Light,The Waterbabies,,Shark,Eire,Ferret,Waterloo,Vulcan
Gareth Southgate,Judd Painter,Last Tango In Paris,Vari-Focals,The wind in the willows,,Sherlock,El Aaiun,Fesnyng,Wensleydale,Wakanda
Gary Barlow,Juliet Capulet,Lawrence Of Arabia,Venetian Blinds,The Witches,,Sherlock Holmes,El Salvador,Finch,White Bread,Walkabout Creek
Gary Glitter,Kanga,Legally Blonde,Ventilation Shaft,The Wizard Of Oz,,Shipwrecked,Ellesmere Island,Finches,White Chocolate,Wall
Gene Hackman,Karl Kennedy,Leon,Walkers Crisps,The Wolves of Willoughby Chase,,Silent Witness,Ely ,Fish ,White Stilton,Waterdeep
General Custer,Kat Slater,Les Miserables,Washing-Up Liquid,The Women In White,,Skins,Ely Cathedral,Flamingo,Whitehaven,Weatherfield
Genghis Khan,Katniss Everdeen,Lethal Weapon,Water,The Worst Witch,,Smack The Pony,Empire State Building,Flatback Turtle,Wholemeal Bread,Willoughby Chase
Geoff Boycott,Kenny Mckormick,Liar Liar,Weathervane,To Kill A Mockingbird,,Smallville,England,Fledgling,Wiltshire Loaf,Wisteria Lane
Geoff Capes,Kermit,Lilo And Stitch,Wishing Well,Tom Brown's School Days,,Soldier Soldier,English Channel,"Fledgling, Or Chick",Woolsery Goats,Wonderland
Geofrrey Chaucer,Kevin McAllistair,Little Dorrit,Wrapping Paper,Trainspotting,,Some Mothers Do Ave Em,Equatorial Guinea,Flight,Xploder,Yavin
George Best,King Triton,Little Mermaid,Wristwatch,Treasure Island,,Songs Of Praise,Eritrea,Float,Y Fenni,Zenda
George Bush,Kitty Bennet,Little Voice,X-Box,Tumbleweed,,South Park,Essex ,Flock,Yarg,Zion
George Carey,Kurt Von Trapp,Loch Ness,Yellow Pages,Twilight,,Spaced,Estonia,Fly,Yorkshire Pudding,
George Foreman,Kwai Chang Caine,Lolita,Yoga Mat,Under The Greenwood Tree,,Spooks,Ethiopia,Flying Fish,,
George Gershwin,Kyle Brotlovsky,Lorna Doone,,Vanity Fair,,Springwatch,Europe,Flying Fox,,
George Graham,Lady Catherine deBurgh,Lost In Space,,Voyage of The Dawntredder,,Star Trek,Exeter ,Foal,,
George Lucas,Lady Penelope,Lost In Translation,,War & Peace,,Starsky & Hutch,Exmoor,Fox,,
George Michael,Lancelot,LOTR: The Fellowship Of The Ring,,War Of The Worlds,,Steptoe & Son,Faeroes,French Poodle,,
George Orwell,Lara Croft,LOTR: The Return Of The King,,Watership Down,,Strictly Come Dancing,Fair Isle,Frigate Bird,,
Gerard Depardieu,Lassie,LOTR: The Two Towers,,What Katie Did,,Sunset beach,Falkland Islands,Frog,,
Germaine Greer,LeChuck,Love Actually,,Where Angels Fear To Tread,,Superman,Fastnet,Fruit Bat,,
Gerry & the Pacemakers,Leon,Love Story,,Where The Wild Things Are,,Supermarket Sweep,Fiji,Fry,,
Gerry Adams,Leonard Hofstadter,Mad Max,,Where's Wally?,,Supernanny,Fingal's Cave,Fulmar,,
Giant Haystacks,Lilo,Madagascar,,Whitefang,,Supervets,Finland,Funnel Web Spider,,
Gillian Anderson,Lisbeth Salander,Magic,,Winnie the Pooh,,Survivor,Fisher,Gaggle,,
Gillian Taylforth,Little Bo Peep,Man and Boy,,Winnie The Witch,,Takeshi's Castle,FitzRoy,Gam,,
Giorgio Armani,Little Lord Fauntleroy,Marathon Man,,Wives & Daughters,,Teachers,Florence,Gang,,
Glen Miller,Little Miss Muffet,Marnie,,Wuthering Heights,,That 70's Show,Florida,Gannet,,
Glenda Jackson,Little Miss Naughty,Mary Poppins,,Zorro,,The A Team,Forbidden City,Gaur,,
Glenn Hoddle,Long John Silver,MASH,,Fahrenheit 451,,The Apprentice,Fort Knox,Gazelle,,
Gok Wan,Lord Voldemort,Master and Commander: The Far Side of the World,,Do Robots Dream of Electric Sheep,,The Avengers,Forth,Gecko,,
Goldie Hawn,Lotso,Matilda,,Brideshead Revisited,,The Big Bang Theory,Forties,Geese,,
Gordon Brown,Lt Ellen Riply,Maverick,,Carrie,,The Big Breakfast,France,Gerbil,,
Gordon Ramsey,Lucious Fox,Maybe Baby,,War Horse,,The Biggest Loser,Freetown,German Shephard,,
Gore Vidal,Luke Skywalker,Meet Joe Black,,The Diary of Anne Frank,,The Bill,Funafuti,Gezeele,,
Grace Kelly,Macavity,Meet Me In St Louis,,Brave New World,,The Brittas Empire,Gabon,Giant Panda,,
Graham Greene,Madame Butterfly,Men In Black,,The Hunger Games,,The Catherine Tate Show,Gaborone,Giant Tortoise,,
Graham Norton,Madeline Magellan,Mercury Rising,,50 Shades of Grey,,The Champions,Gambia,Gibbon,,
Graham Taylor,Maid Marian,Merlin,,The Tales of Beedle the Bard,,The Fresh Prince Of Bel-Air,General Sherman,Gipsy Moth,,
Greg Rusedski,Malcolm In The Middle,Message In a Bottle,,P.S. I Love You,,The Fugitive,Georgetown,Giraffe ,,
Greta Garbo,Man Friday,Mickey Blue Eyes,,A Morbid Taste for Bones,,The F-Word,Georgia,Gnat,,
Griff Rhys-Jones,Manford (mammoth),Minority Report,,Larkrise to Candleford,,The Gadget Show,German Bight,Gnu ,,
Groucho Marx,Martin Chuzzlewit,Miss Congeniality,,Small Island,,The Generation Game,Germany,Goanna,,
Guy Fawkes,Marty McFly,Mission Impossible,,The Lovely Bones,,The Graham Norton Show,Ghana,Goat,,
Gyles Brandeth,Mary Bennet,Mona Lisa Smile,,The Time Traveler's Wife,,The Inbetweeners,Gilbraltar,Golden Eagle,,
Hadrian,Mary Poppins,Monster,,Cloud Atlas,,The IT Crowd,Glasgow,Golden Orfe,,
Haile Selaisse,Matilda,Monsters Ball,,Dissolution,,The Jerry Springer Show,Gloucester ,Golden Oriole,,
Hannibal,Maximus,Monsters Inc,,Yes Man,,The Man From Uncle,Gloucestershire ,Golden Retriever,,
Hans Christian Andrsen,Mayor Quimby,Monty Python's Life Of Brian,,Water for Elephants,,The Mighty Boosh,Gobi Desert,Goldfinch,,
Harold Shipman,Merlin,Moonstruck,,Call the Midwife,,The Munsters,Golden Gate Bridge,Goldfish ,,
Harold Wilson,Merry,Mosquito Coast,,Jean de Florette,,The Naked Chef,Graceland,Goose,,
Harrison Ford,Michael Stone,Moulin Rouge,,Circle of Friends,,The O.C,Grand Canyon,Gopher,,
Harry Enfield,Mick Dundee,Mrs Brown,,Life of Pi,,The Office,Grasmere,Gorilla,,
Harry Houdini,Mickey Mouse,Mrs Doubtfire,,Percy Jackson and the Lightning Thief,,The ONE Show,Great Bear Lake,Gosling,,
Harry Secombe,Mikael Blomkvist,Mrs Miniver,,The Interpretation of Murder,,The Onedin Line,Great Britain,Grass Carp,,
Harvey Smith,Mike Wazowski,Much Ado About Nothing,,What the Ladybird Heard,,The Osbournes,Great Gable,Grass Snake,,
Helen Mirren,Mildred Hubble,Murder By Death,,The Gruffalo,,The Paul Daniels Magic Show,Great Pyramid of Giza,Grasshopper,,
Henry Kissinger,Milhouse,Murder In The First,,,,The Paul O'Grady Show,Great Victoria Desert,Grayling,,
Henry Moore,Miss Bianca,Murder On The Orient Express,,,,The Price Is Right,Great Wall of China,Great Dane,,
Henry VIII,Miss Marple,Muriel's Wedding,,,,The Real Hustle,Greater London ,Great Spotted Woodpecker,,
HG Wells,Miss Piggy,My Best Friend's Wedding,,,,The Real World,Greater Manchester ,Great Tit,,
Hilary Clinton,Miss Scarlett,My Big Fat Greek Wedding,,,,The Royale Family,Greece,Great White Shark,,
Hilda Ogden,Miss Trunchbull,My Fair Lady,,,,The Saint,Greenland,Green Hairstreak,,
Horatio Nelson,Misteeq,My Girl,,,,The Simple Life,Greenwich Observatory,Green Sandpiper,,
Hugh Dennis,Moby Dick,My Left Foot,,,,The Simpsons,Grenada,Green Turtle,,
Hugh Grant,Money Penny,Mystic Pizza,,,,The Sky At Night,Ground Zero,Green Veined White,,
Hugh Laurie,Monica Geller,National Velvet,,,,The Smoking Room,Guatemala,Green Woodpecker,,
Hugh Scully,Morpheous,Ned Kelly,,,,The Sopranos,Guatemala City,Greenfinch,,
Humphrey Bogart,Morticia Addams,Nicholas Nickleby,,,,The Sweeney,Guernsey,Greenfly,,
Ian Botham,Mowgli,Nightmare On Elm Street,,,,The Thin Blue Line,Guinea,Grey Seal,,
Ian Hislop,Mr Bean,Notting Hill,,,,The Tudors,Guinea-Bissau,Grey Squirrel,,
Ian Rush,Mr Ben,Oceans Eleven,,,,The Twilight Zone,Gulf of California ,Greyhound,,
Ian Wright,Mr Blobby,Octopussy,,,,The Two Ronnies,Gulf of Mexico ,Grisly Bear,,
Idi Amin,Mr Bump,Oklahoma,,,,The Vicar Of Dibley,Guyana,Grist,,
Imran Khan,Mr Burns,Oliver,,,,The Waltons,Hadrian's Wall,Grouse ,,
Indira Gandhi,Mr Collins,On Golden Pond,,,,The Wright Stuff,Haiti,Grub,,
Ingrid Bergman,Mr Darcy,Once Upon A Time In Mexico,,,,The X Files,Hampshire,Guanaco,,
Isaac Asimov,Mr Dizzy,One Flew Over The Cuckoo's Nest,,,,The Young Ones,Hampstead Heath,Gudgeon,,
J R R Tolkien,Mr Garrison,Open Water,,,,Third Rock From The Sun,Hanging Gardens of Babylon,Guillemot,,
Jack Charlton,Mr Jinx,Overboard,,,,This Is Your Life,Hanoi,Guinea fowl,,
Jack Dee,Mr Kipling,Paper Moon,,,,Through The Keyhole,Harare,Guinea pig,,
Jack Nicholson,Mr Knightly,Patriot Games,,,,Thunderbirds,Havana,Gull,,
Jack the Ripper,Mr Macgregor,Pearl Harbor,,,,Tonight With Jools Holland,Hawaii,Gulp,,
Jackie Chan,Mr Majeika,Perfect Storm,,,,Top Gear,Heathrow Airport,Hammerhead Shark,,
Jackie Collins,Mr Rochester,Persuasion,,,,Top Of The Pops,Hebrides,Hamster,,
Jacques Chirac,Mr Small,Pet Cemetery,,,,Torchwood,Helsinki,Hare ,,
Jacques Villeneuve,Mr Spock,Peter Pan,,,,Trigger Happy TV,Helvellyn,Haul,,
James Cagney,Mr Twit,Philadelphia,,,,Trisha Goddard,Hereford,Hawk ,,
James Cameron,Mr Wickham,Phone Booth,,,,Two Fat Ladies,Hereford and Worcester ,Head Louse,,
James Cordon,Mrs Bennet,Picnic At Hanging Rock,,,,Two Pints Of Lager and a Packet Of Crisps,Herefordshire ,Hedge,,
James Dean,Mrs Miggins,Picture Perfect,,,,Ugly Betty,Hertfordshire ,Hedgehog,,
James Goldsmith,Mrs Peacock,Pinocchio,,,,University Challenge,Himalayas,Hen,,
James Herriot,Mrs Robinson,Pirates of the Caribbean,,,,Upstairs Downstairs,Hobart,Herd,,
James Joyce,Mrs Tiggywinkle,Plague Dogs,,,,Vets In Practice,Hollywood,Hermit Crab,,
Jamie Lee Curtis,Mrs Twit,Planet Of The Apes,,,,Waking The Dead,Honduras,Heron,,
Jamie Oliver,Mrs White,Play Misty For Me,,,,Watchdog,Honiara,Herring Gull,,
Jane Austen,Mulder,Police Academy,,,,Waterloo Road,Honshu,Herron,,
Jane Fonda,Muriel,Practical Magic,,,,Weakest Link,Hoover Dam,Hippopotamus ,,
Janet Jackson,Neo,Predator,,,,West Wing,Houses of Parliament,Hive,,
Janis Joplin,Nessa,"Prescilla, Queen Of The Desert",,,,Wheel Of Fortune,Hudson Bay ,Hog,,
Jaques Cousteau,Nicholas Nickleby,Presumed Innocent,,,,Who Wants to be a Millionaire?,Humber,Honey Bee,,
Jason Lee,Nick Fury,Pretty Woman,,,,Will & Grace,Humberside ,Horde,,
Jean Paul Gautier,Nick Harper,Pride And Prejudice,,,,"Win, Lose Or Draw",Hungary,Hornet,,
Jean-Claude Van Damme,Noddy,Proof Of Life,,,,Wipeout,Huntingdonshire ,Horse,,
Jeff Goldblum,Norbert,Psycho,,,,Without A Trace,Hyde Park,Horse Fly,,
Jeffrey Archer,Oddjob,Pulp Fiction,,,,Wogan,Iceland,Host,,
Jennifer Saunders,Officer Bar Brady,Puppet On A Chain,,,,Xena: Warrior Princess,Idaho,Hound,,
Jenson Button,Pamela Shipman,Rebecca,,,,Yes Minister,Illinois,House Fly,,
Jeremy Irons,Papageno,Reservoir Dogs,,,,You've Been Framed,India,House Martin,,
Jeremy Paxman,Parker,Ring Of Bright Water,,,,Z Cars,Indian Ocean ,House Sparrow,,
Jeremy Thorpe,Patrick Verona,Robin Hood Prince Of Thieves,,,,,Indiana,House Spider,,
Jerry Hall,Patsy,Robocop,,,,,Indonesia,Hover,,
Jerry Lee Lewis,Paul The Wine Guy,Romancing The Stone,,,,,Inverness ,Huddles,,
Jesus,Pecksniff,Romeo And Juliet,,,,,Iowa,Human,,
Jilly Cooper,Penelope Pitstop,Roxanne,,,,,Iran,Hummingbird,,
Jim Carrey,Penny,Runaway Bride,,,,,Iraq,Hump Backed Whale,,
Jim Davidson,Penny Crayon,Rush Hour,,,,,Ireland,Hunting Dog,,
Jim Henson,Pepper Potts,Ryan's Daughter,,,,,Irish Sea,Husk,,
Jim Morrison,Phil Connors,Sabrina,,,,,Islamabad,Husky,,
Jimi Hendrix,Phoebe Buffay,Saving Private Ryan,,,,,Isle of Ely ,Hyena,,
Jimmy Connors,Pinocchio,Scaramouche,,,,,Isle of Man,Ibex,,
Jimmy Nail,Pippin,Scary Movie,,,,,Isle of Wight ,Iguana,,
Jimmy Saville,PJ,Schindler's List,,,,,Israel,Impala,,
Joan Collins,Pocahontas,Scooby Doo,,,,,Italy,Implausibilty,,
Joan of Arc,Pongo,Scott Of The Antarctic,,,,,Jakarta,Indian Elephant,,
Joanna Lumley,Popeye,Scream,,,,,Jamaica,Indian Moon Moth,,
Joaquin Phoenix,Preston,Sense and Sensibility,,,,,Japan,Intrusion,,
Jodie Foster,Princess Fiona,Seven,,,,,Java,Irish Wolf Hound,,
Joe Frazier,Princess Jasmine,Seven Brides For Seven Brothers,,,,,Jersey,Jack Russell,,
Johathan Dimbleby,Princess Leia,Shakespeare In Love,,,,,Jerusalem,Jackal,,
John Barnes,Professor Moriarty,Shiloh,,,,,JFK Airport,Jackdaw,,
John Barrowman,Professor Plum,Showboat,,,,,Johannesburg,Jaguar,,
John Cleese,Professor Ratigan,Shrek,,,,,Jordan,Jay,,
John Denver,Professor Sprout,Signs,,,,,Jura Mountains,Jellyfish,,
John F Kennedy,Puff the Magic Dragon,Silence Of The Lambs,,,,,K2,Joey,,
John Fashnu,Pussy Galore,Singin' In The Rain,,,,,Kabul,Kangaroo,,
John Harvey-Jones,Q,Sister Act,,,,,Kalahari Desert,Kestrel,,
John Hurt,R2D2,Sixth Sense,,,,,Kampala,Kettle,,
John le Mesurier,Rachel Green,Sleeping Beauty,,,,,Kansas,Kid,,
John Lennon,Rafiki,Sleeping With The Enemy,,,,,Kathmandu,Kindle,,
John Major,Rainman,Sleepless In Seattle,,,,,Katmandu,Kine,,
John McEnroe,Raj Koothrappali,Sleepy Hollow,,,,,Kazakhstan,King Charles Spaniel,,
John Milton,Rambo,Sleuth,,,,,Kennet and Avon Canal,King Penguin,,
John Prescott,Randall,Sliding Doors,,,,,Kensington Palace,Kit,,
John Redwood,Rapunzel,Small Soldiers,,,,,Kent ,Kitten,,
John Sargeant,Raymond Babbit,Snatch,,,,,Kentucky,Kittiwake,,
John Thaw,Rebecca,Snow White and the Seven Dwarves,,,,,Kenya,Knot,,
John Travolta,Red Riding Hood,Some Like It Hot,,,,,Kew Gardens,Koala,,
John Wayne,Renard,Sophie's Choice,,,,,Khartoum,Koi,,
John Williams,Reverend Green,South Pacific,,,,,Kiev,Komodo dragon,,
Johnny Cash,Rex,Space Jam,,,,,Kigali,Kouprey,,
Johnny Depp,Rizzo,Speed,,,,,Kilimanjiro,Kudu,,
Jon Culshaw,Robert Langdon,Spiderman,,,,,Kingston,Labour,,
Jon Pertwee,Robin Hood,Splash,,,,,Kingston upon Hull ,Labrador,,
Jonathan Edwards,Rocky Balboa,Star Trek Nemesis,,,,,Kingstown,Ladybird,,
Jonathan Ross,Rodney Trotter,Star Wars II: Attack of the Clones,,,,,Kinshasa,Lamb,,
Jools Holland,Roger Rabbit,Star Wars IV: A New Hope,,,,,Kiribati,Lamentation,,
Josef Friztl,Roger Red-Hat,Star Wars V: The Empire Strikes Back,,,,,Korea(North),Large Blue,,
Josef Goebels,Romeo,Starsky and Hutch,,,,,Korea(South),Large Tortoiseshell,,
Josef Stalin,Ron Burgandy,Stepmom,,,,,Koror,Large White,,
Judas Iscariot,Ronald McDonald,Strictly Ball Room,,,,,Kosovo,Lark,,
Jude Law,Ross Geller,Stuart Little,,,,,Krakatoa,Leafcutter,,
Judge Dredd,Ross Poldark,Summer Holiday,,,,,Kuala Lumpur,Leap,,
Judi Dench,Roxy Hart,Sweet Home Alabama,,,,,Kuwait,Leash,,
Judy Garland,Rumpelstiltskin,Swordfish,,,,,Kuwait City,Leather Carp,,
Jules Verne,Rupert the Bear,Tarzan,,,,,Kyrgyzstan,Leech,,
Julia Bradbury,Sadsac,Terminator,,,,,La Paz,Leemur,,
Julia Roberts,Sally Lockhart,Tess Of The D'Urbervilles,,,,,Lake Aral,Lemming,,
Julian Clary,Sam Gamgee,The Abyss,,,,,Lake Baikal,Lemur,,
Julius Caesar,Sarah Lund,The Addams Family,,,,,Lake Bassenthwaite ,Leopard,,
Justin Timberlake,Saruman,The Addams Family Values,,,,,Lake Huron,Leopard Shark,,
Karl Marx,Satine,The African Queen,,,,,Lake Michigan,Liger,,
Kate Bush,Scar,The Aristocats,,,,,Lake Nyasa,Lime Hawk Moth,,
Kate Humble,Scaramanga,The Beach,,,,,Lake Superior,Limpet,,
Kate Moss,Scrooge,The BFG,,,,,Lake Taganyika,Linnet,,
Kathleen Turner,Septamus,The Birds,,,,,Lake Titicaca,Lion,,
Katie Price,Sergeant Hakeswell,The Blob,,,,,Lancashire ,Litter,,
Keanu Reeves,Sergeant Lewis,The Blue Lagoon,,,,,Lancaster ,Little Owl,,
Keith Floyd,Sergeant Patrick Harper,The Bodyguard,,,,,Landsend,Little Penguin,,
Keith Richards,Sergeant Pepper,The Borrowers,,,,,Laos,Little Tern,,
Ken Livingstone,Sergeant Troy,The Bourne Identity,,,,,Las Vegas,Liver Fluke,,
Kenneth Brannagh,Shaggy,The Boys From Brazil,,,,,Latvia,Lizard,,
Kenneth Williams,Shawn the Sheep,The Burbs,,,,,Leaning Tower of Pisa,Llama,,
Kenny Everett,Sheldon Cooper,The Cable Guy,,,,,Lebanon,Lobster,,
Kevin Costner,Shere Khan,The Calcium Kid,,,,,Leeds ,Locust,,
Kevin Keegan,Sherlock Holmes,The Cat In The Hat,,,,,Legoland,Loggerhead Turtle,,
Kiera Knightley,Shrek,The Cider House Rules,,,,,Leicester ,Long Eared Bat,,
Kiri Te Kawana,Sid Phillips,The Client,,,,,Leicestershire ,Long Tailed Tit,,
Kirk Douglas,Sideshow Bob,The Dambusters,,,,,Lena River,Loris,,
Kray Twins,Silas,The Day After Tomorrow,,,,,Lesotho,Louse,,
Kylie Minogue,Silas Marner,The Day Of The Jackal,,,,,Liberia,Love Bird,,
Lady Gaga,Silus Marner,The Day of the Triffids,,,,,Libreville,Lugworm,,
Laurence Olivier,Simba,The Devil Rides Again,,,,,Libya,Lyre Bird,,
Lee Westwood,Sindy,The Devil Rides Out,,,,,Lichfield ,Lyrebird,,
Lenin,Sir Anthony Dewhurst,The dirty Dozen,,,,,Liechtenstein,Macaw,,
Lennox Lewis,Sir Percival Blakeney,The Eiger Sanction,,,,,Lighthouse of Alexandria,Mackrel,,
Leo Tolstoy,Sir Ulrich Von Lichenstein,The English Patient,,,,,Lighthouse of Pharos,Maggot,,
Leon Trotsky,Sister Mary Clarence,The Exorcist,,,,,Lilongwe,Magpie,,
Leonard Rossiter,Skimbleshanks,The Fall Of The House Of Usher,,,,,Lima,Magpie Moth,,
Leonardo da Vinci,Skippy The Bush Kangaroo,The Fast and the Furious,,,,,Lincoln ,Mallard,,
Lester Piggot,Slim Shady,The Firm,,,,,Lincolnshire ,Mammoth,,
Lewis Carroll,Slinky,The First Wives Club,,,,,Lingfield Race Course,Manatee,,
Liam Gallagher,Smithy,The Flying Ship,,,,,Lisbon,Mandarin Duck,,
Liberace,Snow White,The Fox and the Hound,,,,,Lisburn,Manta Ray,,
Linda McCartney,Snowball,The French Connection,,,,,Lithuania,Marbled White,,
Linford Christie,Solitaire,The French Lieutenant's Woman,,,,,Liverpool ,Mare,,
LL Cool J,Sonic The Hedgehog,The Fugitive,,,,,Ljubljana,Marlin,,
Lord Baden-Powell,Spiderman,The Full Monty,,,,,Loch Fyne,Marmot,,
Lord Byron,Spot,The Gauntlet,,,,,Loch Lomond,Marten,,
Lord Lucan,Stan Marsh,The Girls of St Trinian's,,,,,Loch Ness,May Fly,,
Lord Snowdon,Stanley Ipkiss,The Go Between,,,,,Lome,Meerkat,,
Lord Tennyson,Stitch,The Godfather,,,,,London,Megaladon,,
Lou Reed,Stuart Little,The Good Girl,,,,,London Dungeon,Meiko Shark,,
Louis Armstrong,Sulley,The Good The Bad and the Ugly,,,,,London Eye,Merlin,,
Louis Hamilton,Super Mario,The Graduate,,,,,London Zoo,Midge,,
Loyd Grossman,Superintendant Chalmers,The Great Escape,,,,,Londonderry,Millipede,,
Luciano Pavarotti,Superted,The Great Train Robbery,,,,,Longleat,Mink,,
Lucy Neatby,Sweep,The Green Mile,,,,,Los Angeles,Minnow,,
Ludwig van Beethoven,Sybil Fawlty,The Grinch,,,,,Louisiana,Minor Bird,,
Lulu,Sylvester,The Guns Of Navarone,,,,,Luanda,Mirror Carp,,
Madonna,T1000,The Highlander,,,,,Lundy,Mischief,,
Magnus Pyke,The Architect,The Hole,,,,,Lusaka,Mob,,
Mahatma Ghandi,The BFG,The Horse Whisperer,,,,,Luxembourg,Mocking Bird,,
Mao Tse-Tung,The Cookie Monster,The Hound Of The Baskervilles,,,,,Luzon,Mole,,
Marcel Marceau,The Dakini Tribe,The Hours,,,,,Macedonia,Mongoose,,
Marco Pierre White,The Demon Headmaster,The Hunchback Of Notre Dame,,,,,Machu Picchu,Monitor,,
Marcus Brigstocke,The Fairy Godmother,The Hunt For Red October,,,,,Mackenzie-Peace River,Monkey,,
Margaret Thatcher,The Invisible Man,The Importance Of Being Ernest,,,,,Madagascar,Moose,,
Margot Fonteyn,The Jolly Postman,The Interpreter,,,,,Madame Tussauds,Mosquito,,
Marianne Faithful,The Nutty Professor,The Invisible Man,,,,,Madison Square Garden,Mouse ,,
Marilyn Monroe,The Oracle,The Island,,,,,Madrid,Mule,,
Mark Lamarr,The Penguin,The Italian Job,,,,,Magnetic Island,Murder,,
Mark Morrison,The Pied Piper of Hamlyn,The Jungle Book,,,,,Maine,Murmuration,,
Mark Twain,The Poddington Peas,The King and I,,,,,Majuro,Mussel,,
Mark Zuchaberger,The Sheep-Pig,The Lady and the Highwayman,,,,,Malabo,Muster,,
Marlene Dietrich,The Sheriff Of Nottingham,The Ladykillers,,,,,Malawi,Mustering,,
Marlon Brando,The Snowman,The Land That Time Forgot,,,,,Malaysia,Mute,,
Marquis De Sade,The Tooth Fairy,The Last Emperor,,,,,Maldives,Mute Swan,,
Marshal Matthers,The Wye Bird,The Last Samurai,,,,,Male,Narwhal,,
Martin Freeman,Thin Red Fox,The Legend Of Cat Baloa,,,,,Malham Cove,Nest,,
Martin Luther King,Thomas Kent,The Lion In Winter,,,,,Mali,Newfoundland,,
Martina Hinghis,Thomas O'Malley,"The Lion, The Witch and the Wardrobe",,,,,Malin,Newt,,
Martina Navratilova,Thomas The Tank Engine,The Long Goodbye,,,,,Malta,Nide,,
Mary Quant,Thor,The Long Kiss Goodnight,,,,,Managua,Nightingale,,
Mary Tudor,Tiger-Lily,The Lost World,,,,,Manama,Nightjar,,
Mary Whitehouse,Timothy Tractor,The Magic Flute,,,,,Manchester ,Northen Pike,,
Matt Damon,Tina Sparkle,The Magnificent Seven,,,,,Manhattan,Nymph,,
Matt Dillon,Tinkerbell,The Man In The Iron Mask,,,,,Manila,Obstinacy,,
Matthew McFadeyen,Tinky-Winky,The Man Who Would Be King,,,,,Maputo,Ocelot,,
Meg Ryan,Tiny Tim,The Mask,,,,,Marble Arch,Octopus,,
Mel Brooks,Tom Jones,The Matrix,,,,,Marshall Islands,Okapi,,
Melanie Griffiths,Tom Oakley,The Mayor Of Casterbridge,,,,,Maryland,Old English Sheepdog,,
Meryl Streep,Tony Stark,The Mexican,,,,,Maseru,Orange Tip,,
Michael Aspel,Tour-guide Barbie,The Moneypit,,,,,Massachusetts,Orangutan,,
Michael Atherton,Treebeard,The Mummy,,,,,Mauritania,Orca,,
Michael Ball,Trigger,The Mummy Returns,,,,,Mauritius,Orfe,,
Michael Barrymore,Trinity,The Muppet Christmas Carol,,,,,Mausoleum of Maussollos,Oryx,,
Michael Caine,Tristran Thorn,The Name Of The Rose,,,,,Mbabane,Ostentation,,
Michael Douglas,Tweedledum,The Next Best Thing,,,,,Mecca,Ostrich,,
Michael Fish,Tweetie Pie,The Object Of My Affection,,,,,Mediterranean Sea ,Otter,,
Michael Heseltine,Two-Face,The Odd Couple,,,,,Mekong River,Owl,,
Michael Howard,Tybalt,The Patriot,,,,,Melbourne,Owlet,,
Michael J Fox,Vesper,The Piano,,,,,Merseyside ,Owls,,
Michael Jackson,Victor Meldrew,The Pit and the Pendulum,,,,,Mexico,Ox,,
Michael Madson,Vivienne Ward,The Poseidan Adventure,,,,,Mexico City,Oxen,,
Michael McIntyre,Walt kowalski,The Prince And Me,,,,,Miami,Oyster,,
Michael Owen,Wanda,The Prince and the Showgirl,,,,,Michigan,Oystercatcher,,
Michael Palin,Wendolene,The Princess Bride,,,,,Micronesia,Pace,,
Michael Parkinson,Wendy,The Railway Children,,,,,Middle East,Pack,,
Michael Ryan,Wheezy,The Recruit,,,,,Middlesex ,Paddling,,
Michael Schumacher,Wilbur,The Rescuers Down Under,,,,,Millennium Dome,Pair,,
Michael Winner,Will Mckenzie,The Return Of The Pink Panther,,,,,Mindanao,Panther,,
Michaelangelo,Will Thatcher,The Runaway Jury,,,,,Minnesota,Parcel,,
Michelle Pfeiffer,Will Turner,The Santa Clause,,,,,Minsk,Parliament,,
Mick Hucknall,Willy Wonka,The Scarlet Pimpernel,,,,,Mississippi,Parrot,,
Mick Jagger,Wilma Flintstone,The Secret Garden,,,,,Mississippi River,Partridge,,
Mike Reid,Wolverine,The Seven Year Itch,,,,,Missouri,Peacock,,
Mike Tyson,Worzel Gummidge,The Shawshank Redemption,,,,,Mogadishu,Peafowl,,
Mikhail Gorbachev,Xena the Warrior Princess,The Shining,,,,,Moldova,Peep,,
Mohammed Fayed,Yogi Bear,The Slipper and the Rose,,,,,Monaco,Pelican,,
Moses,Yvaine,The Sound Of Music,,,,,Mongolia,Penguin,,
Mother Teresa,Zebedee,The Spy Who Loved Me,,,,,Monrovia,Perch,,
Muddy Waters,Zorin,The Stepford Wives,,,,,Mont Blanc,Peregrine,,
Muhammad Ali,Zorro,The Sting,,,,,Montana,Pheasant,,
Murray Walker,,The Swiss Family Robinson,,,,,Monte Carlo,Pig,,
Myra Hindley,,The Sword In The Stone,,,,,Montenegro,Pigeon,,
Mystic Meg,,The Talented Mr Riply,,,,,Montevideo,Piglet,,
Naomi Cambell,,The Thin Red Line,,,,,Morocco,Pigmy Shrew,,
Napoleon Bonaparte,,The Thomas Crown Affair,,,,,Moroni,Pike,,
Nat 'King' Cole,,The Three Musketeers,,,,,Moscow,Pine Hawk Moth,,
Neil Kinnock,,The Truman Show,,,,,Mount Etna,Pipistrelle,,
Nelson Mandela,,The Truth About Cats and Dogs,,,,,Mount Everest,Piranha,,
Nero,,The Tuxedo,,,,,Mount Fuji,Pitt Bull Terrier,,
Neville Chamberlain,,The Untouchables,,,,,Mount Kilimanjaro,Plaice,,
Nick Berry,,The Usual Suspects,,,,,Mount Rushmore,Platypus,,
Nick Clegg,,The Village,,,,,Mount Snowdon,Pod,,
Nick Faldo,,The Wedding Planner,,,,,Mount St Helens,Pointer,,
Nick Frost,,The Wedding Singer,,,,,Mozambique,Polar Bear,,
Nick Ross,,The Wild Wild West,,,,,Muscat,Pollock,,
Nicky Clarke,,The Witches,,,,,Nairobi,Pond Skater,,
Nicole Kidman,,The Wizard Of Oz,,,,,Namibia,Pony,,
Nigel Benn,,The Woman In White,,,,,Nassau,Porcupine,,
Nigel Kennedy,,The Worst Witch,,,,,Nauru,Porpoise ,,
Nigel Short,,The Young Sherlock Holmes,,,,,N'Djamena,Portugese Man-O-War,,
Nigella Lawson,,Thelma and Louise,,,,,Nebraska,Possum,,
Noel Edmonds,,There's Something About Mary,,,,,Nepal,Pot-belly Pig,,
Norman Wisdom,,They Shoot Horses Don't They,,,,,Nevada,Prawn,,
Nostradamus,,Three Men In A Boat,,,,,Neverland,Preying Mantis,,
Oasis,,Three To Tango,,,,,New Delhi,Pride,,
OJ Simpson,,Thunderbirds,,,,,New Guinea,Ptarmigan,,
Oliver Cromwell,,Titanic,,,,,New Hampshire,Pterydactyl,,
Oliver Reed,,To Kill A Mockingbird,,,,,New Jersey,Puffin,,
Oliver Stone,,To The Devil A Daughter,,,,,New Mexico,Pug,,
Olivia Newton-John,,Top Gun,,,,,New York,Pullet,,
Oprah Winfrey,,Top Hat,,,,,New Zealand,Pup,,
Orson Welles,,Total Recall,,,,,Newbury Race Course,Puppy,,
Orville & Wilbur Wright,,Towering Inferno,,,,,Newcastle upon Tyne ,Purple Hairstreak,,
Osama Bin Laden,,Toy Story,,,,,Newfoundland,Python,,
Oscar Wilde,,Training Day,,,,,Newmarket Race Course,Quail,,
Otis Redding,,Trainspotting,,,,,Newport,Quelea,,
Pablo Picasso,,Troy,,,,,Newry,Quiver,,
Paddy Ashdown,,True Lies,,,,,Niamey,Rabbit,,
Pamela Anderson,,True Romance,,,,,Nicaragua,Raccoon,,
Paris Hilton,,Twister,,,,,Nicosia,Rafter,,
Patrick McNee,,Two Weeks Notice,,,,,Niger,Rag,,
Patrick Moore,,U-571,,,,,Niger River,Rail,,
Paul Daniels,,Underworld,,,,,Nigeria,Rainbow Trout,,
Paul Gascoigne,,Unforgiven,,,,,Norfolk ,Ram,,
Paul Hogan,,Valentine,,,,,North America,Raptor,,
Paul Ince,,Very Bad Things,,,,,North Carolina,Rat,,
Paul McCartney,,Waking Ned,,,,,North Dakota,Rattle Snake,,
Paul Merson,,Wall Street,,,,,North Humberside ,Rattlesnake,,
Paul Merton,,Watership Down,,,,,"North Island,",Raven,,
Paul Newman,,Waterworld,,,,,North Sea ,Red Admiral,,
Paul Weller,,West Side Story,,,,,North Utsire,Red Ant,,
Paul Whitehouse,,What Women Want,,,,,North Yorkshire ,Red deer,,
Paula Yates,,When Harry Met Sally,,,,,Northamptonshire ,Red Grouse,,
Pele,,Where Eagles Dare,,,,,Northern Ireland,Red Kite,,
Peter Andre,,While You Were Sleeping,,,,,Northumberland ,Red panda,,
Peter Cook,,White Fang,,,,,Norway,Red Setter,,
Peter Falk,,Willy Wonka and the Chocolate Factory,,,,,Norwich ,Red Squirrel,,
Peter Mandelson,,Wimbledon,,,,,Notre-Dame,Red Underwing,,
Peter O'Toole,,Witness,,,,,Nottingham ,Redstart,,
Peter Schmeichel,,Working Girl,,,,,Nottinghamshire ,Reindeer,,
Peter Sellars,,X-Men,,,,,Nouakchott,Rhino,,
Peter Snow,,XXX,,,,,Nuku'alofa,Rhinoceros,,
Peter Stringfellow,,Yellow Submarine,,,,,Nuuk,Rhinocerous,,
Peter Sutcliffe,,You've Got Mail,,,,,Ob-Irtysh River,Rhodesian Ridgeback,,
PG Wodehouse,,Zombies From Outer Space,,,,,Oceania,Rhumba,,
Phil Collins,,Zoolander,,,,,Offa's Dyke,Richness,,
Phil Spector,,Keeping Mum,,,,,Ohio,Roach,,
Philip Schofield,,Borat,,,,,Oklahoma,Robin,,
Pink Floyd,,Heat,,,,,Old Faithful,Rock Hoppers,,
Pope John Paul II,,Johnny English,,,,,Oman,Roe Deer,,
Prince Albert,,Casino Royale,,,,,Oregon,Roebuck,,
Prince Charles,,Girl With A Pearl Earing,,,,,Orkney,Roman Snail,,
Prince Edward,,Father Of The Bride,,,,,Oslo,Romp,,
Prince Naseem Hamed,,Romy & Michelle's High School Reunion,,,,,Ottawa - Ontario,Rook,,
Princess Anne,,What About Bob?,,,,,Ouagadougou,Rottweiller,,
Queen Victoria,,Heartbreakers,,,,,Oxford ,Rough Collie,,
Quentin Tarantino,,Hitch,,,,,Oxfordshire ,Route,,
Rachael Allen,,Cars,,,,,Pacific Ocean ,Rudd,,
Raphael Nadal,,Gattaca,,,,,Pakistan,Ruff,,
Ray Mears,,Hot Fuzz,,,,,Palau,Run,,
Red Rum,,Shaun Of The Dead,,,,,Palikir,Sabre Tooth Tiger,,
Reese Witherspoon,,Run Fatboy Run,,,,,Panama,Salamander,,
Rembrandt,,Ronin,,,,,Panama City,Salmon,,
Richard & Judy,,It,,,,,Papua New Guinea,Sand Martin,,
Richard Branson,,Scarface,,,,,Paraguay,Sandwich Tern,,
Richard Burton,,Girl With A Pearl Earring,,,,,Paramaribo,Sardines ,,
Richard Curtis,,Ice Age,,,,,Paris,School,,
Richard M Nixon,,The Golden Compass,,,,,Patagonian Desert,Scorpion,,
Richard The Lionheart,,Munich,,,,,Pennsylvania,Scottie,,
Rick Wakeman,,Million Dollar Baby,,,,,Persian Gulf ,Scurry,,
Ricky Gervais,,Dead Calm,,,,,Pertronas Towers,Sea Anemone,,
Rik Mayall,,Miss Potter,,,,,Peru,Sea Bass,,
Ringo Starr,,Finding Neverland,,,,,Peterborough ,Sea lion,,
Rio Ferdinand,,Stardust,,,,,Philippines,Sea Otter,,
River Phoenix,,Mr Bean's Holiday,,,,,Phnom Penh,Sea Trout,,
Roald Dahl,,Batman Begins,,,,,Piccadilly Circus,Sea Urchin,,
Rob Brydon,,Die Hard 4.0,,,,,Plymouth ,Seahorse,,
Robbie Coltrane,,American Pie,,,,,Plymouth Hoe,Seal,,
Robbie Williams,,Cloverfield,,,,,Podgorica,Seastar,,
Robert De Niro,,Ocean's 13,,,,,Poland,Seccretary Bird,,
Robert Downey Jr.,,Event Horizon,,,,,Port Louis,Sedge,,
Robert Maxwell,,Evan Almighty,,,,,Port Moresby,Shark,,
Robert Pattinson,,Magicians,,,,,Port Vila,Sheep,,
Robert Redford,,The Other Boelyn Girl,,,,,Port-au-Prince,Shetland Pony,,
Robin Day,,Atonement,,,,,Portland,Shih Tzu,,
Robin Williams,,Memoirs of a Geisha,,,,,Port-of-Spain,Shire Horse,,
Robson & Jerome,,Seabiscuit,,,,,Porto-Novo,Shoal,,
Rock Hudon,,Mean Girls,,,,,Portsmouth ,Short Eared Bat,,
Rod Hull,,Educating Rita,,,,,Portugal,Short Eared Owl,,
Rod Stewart,,Enchanted,,,,,Prague,Shrew,,
Roger Federer,,Walk The Line,,,,,Praia,Shrewdness,,
Rolf Harris,,The Devil Wears Prada,,,,,Preston ,Sidewinder,,
Roman Polanski,,As You Like It,,,,,Pretoria,Siege,,
Ronald Reagan,,Lucky Number Slevin,,,,,Pristina,silverback,,
Ronnie Barker,,Black Hawk Down,,,,,Pyongyang,Skate,,
Ronnie Biggs,,Ray,,,,,Qatar,Skein,,
Ronnie Corbett,,Indiana Jones and the Temple Of Doom,,,,,Quito,Skulk,,
Rory Bremner,,Indiana Jones and the raiders of the lost arc,,,,,Rabat,Skunk,,
Rose West,,Iron Man,,,,,Rangoon,Sleuth,,
Rowan Atkinson,,Indiana Jones and the Kingdom of the Crystal Skull,,,,,Rathlin Island,Sloth,,
Rudolf Hess,,Music & Lyrics,,,,,Reading,Slow Worm,,
Rudolf Nureyev,,Nine Months,,,,,Red Sea ,Slug,,
Rudolf Valentino,,The Merchant of Venice,,,,,Regents Park,Smack,,
Rudyard Kipling,,Vantage Point,,,,,Reykjavik,Small Tortoiseshell,,
Rupert Murdoch,,National Treasure,,,,,Rhode Island,Small White,,
Russell Brand,,The Kite Runner,,,,,Riga,Smelt,,
Russell Howard,,Sweeney Todd- The Demon Barber of Fleet Street,,,,,Rio de Janero,Snail,,
Ruth Ellis,,Juno,,,,,Ripon ,Snake,,
Ruud Gullit,,The Bourne Ultimatum,,,,,River Nile,Snow Leopard,,
Ryan Giggs,,The Bourne Supremacy,,,,,Riyadh,Snow Tiger,,
Saddam Hussein,,Garden State,,,,,Rockall,Snowy Owl,,
Salman Rushdie,,Jumper,,,,,Romania,Song Thrush,,
Salvador Dali,,Gregory's Girl,,,,,Rome,Sord,,
Samantha Fox,,Harry Potter and the Goblet Of Fire,,,,,Roseau,Soul,,
Samuel Pepys,,Harry Potter and the Order of the Phoenix,,,,,Royal Albert Hall,Sounder,,
Sarah Brightman,,Avatar,,,,,Russian Federation,Span,,
Sarah Ferguson,,Sherlock Holmes,,,,,Rutland ,Sparrow,,
Scarlett Johansson,,Inception,,,,,Rutland Water,Sparrowhawk,,
Sean Connery,,Twilight,,,,,Rwanda,Speckled Wood,,
Sebastian Coe,,Star Trek,,,,,Sahara Desert,Spider,,
Seve Ballesteros,,Gran Torino,,,,,Salford ,Spoonbill,,
Sex Pistols,,In Pursuit of Happyness,,,,,Salisbury,Squab,,
Sharon Stone,,Kes,,,,,Salisbury Cathedral,Squid,,
Sharron Davis,,Rocky,,,,,Salisbury Plain,Squirrel,,
Sid James,,Anchorman,,,,,Samoa,Stag Beetle,,
Sidney Poitier,,One Hour Photo,,,,,San Andreas Fault,Stallion,,
Sigmund Freud,,Layer Cake,,,,,San Francisco,Starfish,,
Sigourney Weaver,,Mama Mia!,,,,,San Jose,Starling,,
Simon & Garfunkel,,Dawn of the Dead,,,,,San Marino,Stegasaurus,,
Simon King,,Night of the Living Dead,,,,,San Salvador,Stergen,,
Simon Le Bon,,Dracula,,,,,Sana,Stick Insect,,
Simon Pegg,,Yes Man,,,,,Sandown Park Race Course,Stickleback,,
Simon Templar,,The Terminal,,,,,Santiago,Sting Ray,,
Sinead O'Connor,,300,,,,,Santo Domingo,Stoat,,
Smokey Robinson,,Zulu,,,,,Sao Tome,Stork,,
Spice Girls,,Runaway Jury,,,,,Sao Tome and Principe,String,,
Spike Milligan,,Alexander,,,,,Sarajevo,Stud,,
Stan Collymore,,The Neverending Story,,,,,Sark,Swallow,,
Status Quo,,Santa Claus: The Movie,,,,,Saudi Arabia,Swan,,
Stephen Fry,,Hairspray,,,,,Scafell,Swarm,,
Stephen Gerard,,The Phantom of the Opera,,,,,Scafell Pike,Swift,,
Stephen Hawking,,The Curious Case of Benjamin Button,,,,,Scotland,Swine,,
Stephen Hendry,,The Deer Hunter,,,,,Sea of Japan ,Swordfish,,
Stephen King,,Raging Bull,,,,,Sea of Okhotsk ,Tadpole,,
Steve Buschemi,,Valkyrie,,,,,Senegal,Tapeworm,,
Steve Carrell,,Night at the Museum,,,,,Seoul,Tapir,,
Steve Coogan,,The Hunger Games,,,,,Serbia,Tarantula,,
Steve Davis,,The Avengers Assemble,,,,,Seychelles,Tarsier,,
Steve McManaman,,Skyfall,,,,,Shannon,Tasmanian Devil,,
Steven Gerrard,,Prometheus,,,,,Sheffield ,Tawny Owl,,
Stevie Wonder,,War Horse,,,,,Sherwood Forest,Team,,
Sting,,The Amazing Spiderman,,,,,Shropshire ,Tench,,
Sue Barker,,The Dark Knight Rises,,,,,Siberia,Termite,,
Sugababes,,Paul,,,,,Sierra Leone,Terrapin,,
Sugar Ray Leonard,,Tangled,,,,,Silicon Valley,Thunder Fly,,
Suzi Quatro,,Julie & Julia,,,,,Singapore,Tick,,
Sven Goran Eriksson,,Son of Rambow,,,,,Sizewell Power Station,Tiding,,
Sylvester Stallone,,Ted,,,,,Skiddaw,Tiger ,,
Take That,,Johnny English Reborn,,,,,Skopje,Tiger Shark,,
Tchaikovsky,,My Week With Marilyn,,,,,Slieve Donard,Tigon,,
Ted Heath,,The Help,,,,,Slovakia,Toad,,
Telly Savalas,,Mirror Mirror,,,,,Slovenia,Tortoise,,
Terence Conran,,Megamind,,,,,Snowdonia,Toucan,,
Terry Wogan,,The Artist,,,,,Snowy Mountains,Tower,,
Thierry Henry,,Despicable Me,,,,,Sofia,Toy Poodle,,
Thomas Cromwell,,Super 8,,,,,Sole,Trapdoor Spider,,
Tiger Woods,,,,,,,Solomon Islands,Tribe,,
Tim Brook-Taylor,,,,,,,Somalia,Triceratops,,
Tim Curry,,,,,,,Somerset ,Trip,,
Tim Henman,,,,,,,South Africa,Troop,,
Tina Turner,,,,,,,South America,Troubling,,
Tom Baker,,,,,,,South Carolina,Trout,,
Tom Berenger,,,,,,,South China Sea ,Tufted Duck,,
Tom Cruise,,,,,,,South Dakota,Tuna,,
Tom Hanks,,,,,,,South Downs,Turkey,,
Tom Jones,,,,,,,South Georgia,Turtle,,
Tommy Cooper,,,,,,,South Humberside ,Turtle Dove,,
Tommy Steele,,,,,,,"South Island,",Turtledove,,
Tony Banks,,,,,,,South Utsire,Tyranasaurus Rex,,
Tony Blair,,,,,,,South Yorkshire ,Vampire Bat,,
Tony Curtis,,,,,,,Southampton ,Vicua,,
Tony Hancock,,,,,,,Southeast Iceland,Viper,,
Tony Slattery,,,,,,,Southern Ocean ,Volery,,
Torville & Dean,,,,,,,Spain,Vulcher,,
Trevor McDonald,,,,,,,Sri Lanka,Waallaby,,
TS Eliot,,,,,,,St Albans ,Walrus,,
Tutankhamen,,,,,,,St David's,Warthog,,
Twiggy,,,,,,,St James Park,Wasp,,
Uma Thurman,,,,,,,St Paul's Cathedral,Water Boatman,,
Uri Geller,,,,,,,St Petersburg,Water buffalo,,
Usain Bolt,,,,,,,St Tropez,Weasel,,
Van Morrison,,,,,,,St. George's,Wedge,,
Vanessa Redgrave,,,,,,,St. John's,Weyr,,
Venus Williams,,,,,,,St. Kitts and Nevis,Whale,,
Vera Wang,,,,,,,St. Lucia,Whale Shark,,
Victor Kiam,,,,,,,St. Mark's Square,Whimbrel,,
Victoria Beckham,,,,,,,St. Vincent and The Grenadines,Whippet,,
Victoria Wood,,,,,,,Staffordshire ,White Admiral,,
Vinny Jones,,,,,,,Statue of Liberty,White Egret,,
Virginia Woolf,,,,,,,Statue of Zeus at Olympia,Wild Boar,,
Vivaldi,,,,,,,Stirling ,Wild Cat,,
Vivienne Westwood,,,,,,,Stockholm,Wolf,,
Wagner,,,,,,,Stoke-on-Trent ,Wolf Spider,,
Walt Disney,,,,,,,Stonehenge,Wombat,,
Walter Matthau,,,,,,,Striding Edge,Wood Lice,,
Wayne Rooney,,,,,,,Sudan,Wood Mouse,,
Wayne Sleep,,,,,,,Suffolk ,Wood Pigeon,,
Wet Wet Wet,,,,,,,Sumatra,Woodlouse,,
WG Grace,,,,,,,Sunderland ,Woodpecker,,
Wham,,,,,,,Suriname,Worm,,
Whitney Houston,,,,,,,Surrey ,Wren,,
Whoopi Goldberg,,,,,,,Sussex ,Yak,,
Will Carling,,,,,,,Suva,Yellow Jacket,,
Will Smith,,,,,,,Swansea,Yellow Underwing,,
William Hague,,,,,,,Swaziland,Yellowhammer,,
William Shakespeare,,,,,,,Sweden,Yoke,,
William the Conquerer,,,,,,,Switzerland,Yorkshire Terrier,,
Winnie Mandela,,,,,,,Sydney,Zander,,
Winona Ryder,,,,,,,Sydney Harbour Bridge,Zeal,,
Winston Churchill,,,,,,,Sydney Opera House,Zebra,,
Wolf (Gladiators),,,,,,,Syon Park,,,
Wolfgang Amadeus Mozart,,,,,,,Syria,,,
Woody Allen,,,,,,,Syrian Desert,,,
Yasser Arafat,,,,,,,Table Mountain,,,
Yoko Ono,,,,,,,Taipei,,,
Yuri Gagarin,,,,,,,Taiwan,,,
Zoe Ball,,,,,,,Taj Mahal,,,
Zsa Zsa Gabor,,,,,,,Tajikistan,,,
Boris Johnson,,,,,,,Tallinn,,,
Jessica Ennis,,,,,,,Tanzania,,,
Mo Farrah,,,,,,,Tarawa,,,
Bradley Wiggins,,,,,,,Tashkent,,,
Ben Ainslie,,,,,,,Tasmania,,,
Rebecca Addlington,,,,,,,Tate Modern,,,
Chris Hoy,,,,,,,Tbilisi,,,
Mark Cavendish,,,,,,,Tegucigalpa,,,
Laura Trott,,,,,,,Teheran,,,
Victoria Pendleton,,,,,,,Temple of Artemis,,,
Tom Daley,,,,,,,Temple of Karnak,,,
Laura Robson,,,,,,,Tennessee,,,
,,,,,,,Texas,,,
,,,,,,,Thailand,,,
,,,,,,,Thames,,,
,,,,,,,The Acropolis,,,
,,,,,,,The Adur,,,
,,,,,,,The Albert Memorial,,,
,,,,,,,The Arctic Circle,,,
,,,,,,,The Arun,,,
,,,,,,,The Aswan Dam,,,
,,,,,,,The Avon,,,
,,,,,,,The Azores,,,
,,,,,,,The Bank of England,,,
,,,,,,,The Baring Strait,,,
,,,,,,,The Bermuda Triangle,,,
,,,,,,,The Black Forest,,,
,,,,,,,The Canary Islands,,,
,,,,,,,The Channel Tunnel,,,
,,,,,,,The Cheviots,,,
,,,,,,,The Chilterns,,,
,,,,,,,The Danube,,,
,,,,,,,The Dart,,,
,,,,,,,The Derwent,,,
,,,,,,,The Eiger,,,
,,,,,,,The Exe,,,
,,,,,,,The Faroes,,,
,,,,,,,The Firth of Clyde,,,
,,,,,,,The Firth of Forth,,,
,,,,,,,The Florida Keys,,,
,,,,,,,The Forest of Dean,,,
,,,,,,,The Forth,,,
,,,,,,,The Forth Bridge,,,
,,,,,,,The Giant's Causeway,,,
,,,,,,,The Grampians,,,
,,,,,,,The Grand Union Canal,,,
,,,,,,,The Great Barrier Reef,,,
,,,,,,,The Hoover Dam,,,
,,,,,,,The Imperial War Museum,,,
,,,,,,,The Isis,,,
,,,,,,,The Isle of Sheppey,,,
,,,,,,,The Isle of Wight,,,
,,,,,,,The Kennet,,,
,,,,,,,The Kremlin,,,
,,,,,,,The Lake District,,,
,,,,,,,The Lizard,,,
,,,,,,,The Llangollen Canal,,,
,,,,,,,The Louvre,,,
,,,,,,,The Matterhorn,,,
,,,,,,,The Medway,,,
,,,,,,,The Menaii Bridge,,,
,,,,,,,The Mendips,,,
,,,,,,,The Natural History Museum,,,
,,,,,,,The Nazca Lines,,,
,,,,,,,The Netherlands,,,
,,,,,,,The New Forest,,,
,,,,,,,The Norfolk Broads,,,
,,,,,,,The North Downs,,,
,,,,,,,The North West Passage,,,
,,,,,,,The North York Moors,,,
,,,,,,,The Old Man of Foy,,,
,,,,,,,The Panama Canal,,,
,,,,,,,The Parthenon,,,
,,,,,,,The Peak District,,,
,,,,,,,The Pennines,,,
,,,,,,,The Pentagon,,,
,,,,,,,The Purbeck Hills,,,
,,,,,,,The QEII Bridge,,,
,,,,,,,The Quantocks,,,
,,,,,,,The Rio Grande,,,
,,,,,,,The Rockies,,,
,,,,,,,The Schilthorn,,,
,,,,,,,The Sea of Japan,,,
,,,,,,,The Seine,,,
,,,,,,,The Seven Sisters,,,
,,,,,,,The Severn,,,
,,,,,,,The Severn Bridge,,,
,,,,,,,The Shetland Islands,,,
,,,,,,,The Shrekhorn,,,
,,,,,,,The Solent,,,
,,,,,,,The Solway Firth,,,
,,,,,,,The Somerset Levels,,,
,,,,,,,The Sphinx,,,
,,,,,,,The Spice Islands,,,
,,,,,,,The Stour,,,
,,,,,,,The Suez Canal,,,
,,,,,,,The Test,,,
,,,,,,,The Thames,,,
,,,,,,,The Trent,,,
,,,,,,,The Trossachs,,,
,,,,,,,The Tyne,,,
,,,,,,,The Vatican,,,
,,,,,,,The Victoria and Albert Museum,,,
,,,,,,,The Wailing Wall,,,
,,,,,,,The Wash,,,
,,,,,,,The Weald,,,
,,,,,,,The Whispering Gallery,,,
,,,,,,,The White House,,,
,,,,,,,The Wye,,,
,,,,,,,The Yorkshire Dales,,,
,,,,,,,The Yungfrau,,,
,,,,,,,Thimphu,,,
,,,,,,,Thirlmere,,,
,,,,,,,Thorpe Park,,,
,,,,,,,Three Mile Island,,,
,,,,,,,Tiananmen Square,,,
,,,,,,,Timbuctoo,,,
,,,,,,,Times Square,,,
,,,,,,,Tirana,,,
,,,,,,,Togo,,,
,,,,,,,Tokyo,,,
,,,,,,,Tonga,,,
,,,,,,,Tower Bridge,,,
,,,,,,,Tower of London,,,
,,,,,,,Trafalgar,,,
,,,,,,,Trafalgar Square,,,
,,,,,,,Trinidad and Tobago,,,
,,,,,,,Tripoli,,,
,,,,,,,Truro ,,,
,,,,,,,Tunis,,,
,,,,,,,Tunisia,,,
,,,,,,,Turkey,,,
,,,,,,,Turkmenistan,,,
,,,,,,,Tuvalu,,,
,,,,,,,Tyne,,,
,,,,,,,Tyne and Wear ,,,
,,,,,,,Uganda,,,
,,,,,,,Ukraine,,,
,,,,,,,Ulan Bator,,,
,,,,,,,Ullswater,,,
,,,,,,,Uluru,,,
,,,,,,,United Arab Emirates,,,
,,,,,,,United States,,,
,,,,,,,Uruguay,,,
,,,,,,,Utah,,,
,,,,,,,Uzbekistan,,,
,,,,,,,Vaduz,,,
,,,,,,,Valletta,,,
,,,,,,,Valley of the Kings,,,
,,,,,,,Vanuatu,,,
,,,,,,,Venezuela,,,
,,,,,,,Venice,,,
,,,,,,,Vermont,,,
,,,,,,,Vesuvius,,,
,,,,,,,Victoria,,,
,,,,,,,Victoria Falls,,,
,,,,,,,Victoria Island,,,
,,,,,,,Vienna,,,
,,,,,,,Vientiane,,,
,,,,,,,Vietnam,,,
,,,,,,,Viking,,,
,,,,,,,Vilnius,,,
,,,,,,,Virginia,,,
,,,,,,,Wakefield ,,,
,,,,,,,Wales,,,
,,,,,,,Wall Street,,,
,,,,,,,Warsaw,,,
,,,,,,,Warwickshire ,,,
,,,,,,,Washington,,,
,,,,,,,Washington D.C.,,,
,,,,,,,Wast Water,,,
,,,,,,,Watling Street,,,
,,,,,,,Wellington,,,
,,,,,,,Wells ,,,
,,,,,,,Wells Cathedral,,,
,,,,,,,Wembley Stadium,,,
,,,,,,,West Midlands ,,,
,,,,,,,West Suffolk ,,,
,,,,,,,West Sussex ,,,
,,,,,,,West Virginia,,,
,,,,,,,West Yorkshire ,,,
,,,,,,,Western Sahara,,,
,,,,,,,Westminster,,,
,,,,,,,Westminster Abbey,,,
,,,,,,,Westmorland ,,,
,,,,,,,White Cliffs of Dover,,,
,,,,,,,Wicklow Mountains,,,
,,,,,,,Wight ,,,
,,,,,,,Wiltshire ,,,
,,,,,,,Winchester ,,,
,,,,,,,Windermere,,,
,,,,,,,Windhoek,,,
,,,,,,,Windsor Castle,,,
,,,,,,,Windsor Great Park,,,
,,,,,,,Wisconsin,,,
,,,,,,,Wolverhampton ,,,
,,,,,,,Wookey Hole,,,
,,,,,,,Worcester ,,,
,,,,,,,Worcestershire ,,,
,,,,,,,World Trade Centre,,,
,,,,,,,Wyoming,,,
,,,,,,,Yamoussoukro,,,
,,,,,,,Yangtze River,,,
,,,,,,,Yaounde,,,
,,,,,,,Yaren,,,
,,,,,,,Yellow River,,,
,,,,,,,Yellow Sea ,,,
,,,,,,,Yellowstone Park,,,
,,,,,,,Yemen,,,
,,,,,,,Yenisey-Angara River,,,
,,,,,,,Yerevan,,,
,,,,,,,York,,,
,,,,,,,Yorkshire ,,,
,,,,,,,Yosemite National Park,,,
,,,,,,,Zagreb,,,
,,,,,,,Zambia,,,
,,,,,,,Zimbabwe,,,
